Participant;Cluster;A1;A2;A3;A4;A5;A6;A7;A8;A9;A10;A11;A12;D1;D2;D3;D4;D5;D6;D7;D8;D9;D10;D11;D12;IS1;IS2;IS3;IS4;IS5;IS6;IS7;IS8;IS9;IS10;IS11;IS12
10;Cluster1;98.636;117.21;131.881;124.836;138.745;116.847;131.247;129.493;136.17;130.64;149;144.254;0.137;0.134;0.147;0.127;0.148;0.123;0.134;0.113;0.116;0.11;0.106;0.114;1.488;2.021;2.004;2.262;2.321;2.317;2.286;2.759;2.912;2.884;3.407;3.17
14;Cluster1;86.684;92.457;129.367;76.898;86.348;125.711;112.371;93.825;123.187;105.849;119.592;129.832;0.157;0.13;0.195;0.111;0.124;0.17;0.123;0.118;0.123;0.096;0.117;0.117;1.381;1.651;1.534;1.77;1.705;2.014;2.4;2.027;2.461;2.723;2.672;2.836
16;Cluster1;57.734;68.43;69.459;66.596;109.147;88.377;72.297;84.918;81.578;109.847;89.377;101.237;0.083;0.09;0.08;0.073;0.117;0.074;0.072;0.079;0.071;0.077;0.069;0.066;1.736;1.745;2.011;1.995;2.077;2.526;2.435;2.267;2.621;3.186;2.87;3.212
19;Cluster1;72.638;73.417;99.6;111.077;106.471;120.499;128.19;115.577;124.529;152.488;145.905;139.994;0.188;0.169;0.173;0.134;0.15;0.15;0.135;0.136;0.146;0.128;0.128;0.122;1.303;1.543;1.76;2.114;1.886;2.049;2.406;2.219;2.56;2.828;2.838;2.894
20;Cluster1;119.379;167.574;170.446;178.992;202.542;218.826;205.679;189.384;200.333;228.818;243.013;240.013;0.161;0.192;0.191;0.172;0.19;0.171;0.178;0.174;0.158;0.146;0.172;0.156;1.869;1.678;2.038;2.39;2.104;2.711;2.559;2.123;2.935;2.906;2.672;3.199
27;Cluster1;100.846;146.284;103.315;119.236;197.582;75.647;104.668;250.477;104.244;129.239;160.206;119.805;0.206;0.228;0.188;0.183;0.242;0.112;0.118;0.249;0.108;0.132;0.11;0.104;1.273;1.59;1.85;1.748;1.91;1.901;2.345;2.249;2.516;2.88;3.357;3.134
29;Cluster1;102.895;137.768;141.244;132.392;190.141;171.359;141.988;188.45;192.417;172.55;179.284;158.92;0.181;0.151;0.222;0.129;0.206;0.176;0.122;0.19;0.171;0.138;0.138;0.124;1.665;2.367;1.907;2.547;2.33;2.22;3.133;2.423;2.864;3.125;3.107;3.605
37;Cluster1;70.328;76.348;56.824;83.061;76.318;74.522;93.139;80.188;84.426;100.359;105.575;110.124;0.157;0.111;0.128;0.125;0.117;0.132;0.117;0.1;0.096;0.096;0.102;0.092;1.351;1.994;1.321;1.909;1.727;1.72;2.493;2.072;2.428;2.747;2.554;2.952
41;Cluster1;93.854;111.461;90.476;118.121;102.118;72.192;153.54;107.201;135.924;103.496;115.766;112.851;0.123;0.112;0.108;0.087;0.106;0.078;0.127;0.098;0.088;0.07;0.071;0.088;2.203;2.507;2.435;3.1;2.814;2.684;3.163;2.973;3.933;3.585;3.793;3.605
44;Cluster1;91.046;108.044;100.98;127.976;136.089;110.056;142.997;132.586;162.437;149.276;142.428;146.005;0.148;0.139;0.14;0.141;0.156;0.142;0.124;0.16;0.148;0.121;0.118;0.122;1.556;1.906;1.853;2.311;2.18;1.923;2.923;2.41;2.962;3.184;3.192;3.397
50;Cluster1;75.252;110.701;89.314;85.697;117.822;96.072;123.096;134.953;93.008;114.219;89.185;119.256;0.124;0.14;0.129;0.093;0.126;0.114;0.109;0.12;0.091;0.091;0.071;0.088;2.078;2.28;2.075;2.711;2.513;2.591;3.214;3.349;3.172;3.356;3.319;3.331
13;Cluster2;93.243;107.018;130.421;107.388;92.793;119.477;149.315;155.176;131.324;247.38;101.421;160.958;0.145;0.142;0.138;0.114;0.088;0.124;0.137;0.129;0.11;0.156;0.076;0.102;2.239;2.458;3.027;2.711;2.741;2.945;3.427;3.871;3.084;4.499;3.519;4.356
17;Cluster2;86.739;101.16;109.026;142.873;101.511;113.618;177.695;117.837;188.374;184.89;184.136;200.412;0.143;0.148;0.14;0.144;0.125;0.134;0.148;0.131;0.16;0.144;0.134;0.142;1.352;1.566;1.74;2.221;1.71;1.985;2.197;1.841;2.236;2.332;2.574;2.511
21;Cluster2;117.982;156.499;138.033;149.286;193.128;143.834;202.211;139.832;181.169;252.977;180.459;221.787;0.176;0.163;0.166;0.174;0.182;0.157;0.189;0.137;0.167;0.174;0.17;0.172;1.28;1.691;1.576;1.725;2.337;1.812;2.099;2.039;2.179;2.554;2.465;2.687
26;Cluster2;104.287;147.321;124.545;142.947;210.326;125.959;195.09;171.528;176.724;232.037;170.223;250.593;0.192;0.173;0.157;0.174;0.202;0.168;0.197;0.168;0.153;0.211;0.119;0.188;1.539;1.908;2.166;2.283;2.537;2.238;2.544;2.253;2.635;3.031;3.248;3.085
30;Cluster2;47.311;55.328;73.522;85.755;52.688;75.984;67.689;62.598;84.919;93.776;111.317;89.359;0.075;0.078;0.078;0.086;0.066;0.065;0.067;0.069;0.078;0.074;0.085;0.074;1.587;1.96;2.28;2.242;2.123;2.457;2.554;2.496;2.647;2.832;3.444;3.038
32;Cluster2;154.246;172.388;182.25;205.828;225.603;188.028;295.848;258.608;297.564;309.761;253.412;228.169;0.215;0.252;0.204;0.236;0.244;0.23;0.254;0.24;0.246;0.24;0.226;0.202;1.955;2.41;2.577;3.033;2.778;2.329;3.118;3.228;3.234;3.789;3.124;3.525
33;Cluster2;122.292;98.214;105.528;115.908;100.265;155.583;100.565;106.846;157.146;136.979;145.147;133.528;0.132;0.107;0.107;0.112;0.11;0.149;0.085;0.112;0.12;0.112;0.1;0.104;2.324;2.169;2.36;2.436;2.131;2.508;2.689;2.159;2.822;2.7;3.025;2.846
38;Cluster2;112.242;120.619;155.818;207.234;168.013;175.355;210.894;168.06;227.995;285.35;226.205;309.448;0.143;0.135;0.146;0.191;0.166;0.156;0.159;0.156;0.162;0.152;0.149;0.158;1.992;2.359;2.45;2.521;2.598;2.842;2.918;2.728;2.845;3.73;3.206;3.819
42;Cluster2;41.738;90.758;69.775;52.124;85.246;76.875;88.336;105.977;101.848;122.328;86.447;138.15;0.088;0.109;0.094;0.068;0.094;0.09;0.086;0.115;0.086;0.088;0.074;0.093;1.243;1.815;1.889;1.811;1.87;1.991;2.51;2.19;2.496;2.695;2.69;3.163
45;Cluster2;60.903;63.696;56.375;67.62;98.686;70.716;98.782;85.997;94.504;116.393;92.529;128.856;0.14;0.123;0.13;0.106;0.15;0.127;0.144;0.128;0.138;0.162;0.124;0.16;1.49;1.689;1.553;1.872;1.962;1.662;2.24;1.969;2.192;2.473;2.24;2.544
46;Cluster2;84.468;112.085;93.226;142.048;144.622;133.572;154.421;130.258;164.485;192.727;209.08;209.001;0.124;0.124;0.117;0.138;0.124;0.117;0.135;0.107;0.124;0.142;0.138;0.116;1.607;1.82;1.804;2.512;2.169;2.334;2.725;2.292;3.065;2.97;3.348;3.924
11;Cluster3;83.212;110.479;103.28;81.349;149.872;82.728;198.484;105.189;105.566;158.039;129.243;108.42;0.09;0.1;0.11;0.094;0.132;0.104;0.148;0.105;0.092;0.116;0.103;0.105;2.216;2.746;2.145;2.101;2.431;1.768;3.472;2.158;2.991;2.784;3.139;2.593
12;Cluster3;47.267;82.006;84.626;122.502;99.941;74.667;157.104;116.1;146.49;175.416;162.326;190.61;0.128;0.136;0.17;0.169;0.15;0.11;0.171;0.158;0.169;0.188;0.166;0.181;1.258;1.742;1.49;2.082;2.132;2.115;2.708;2.264;2.811;3.224;3.114;3.438
18;Cluster3;56.266;82.544;100.077;73.311;244.323;68.291;92.41;99.781;89.664;156.855;118.736;160.504;0.138;0.189;0.196;0.128;0.296;0.117;0.147;0.151;0.137;0.207;0.163;0.218;1.516;1.606;1.412;1.696;2.492;2.03;2.037;1.823;1.907;2.336;2.256;2.391
24;Cluster3;81.178;127.917;163.137;204.745;162.354;129.504;240.675;192.196;300.209;312.281;274.909;256.21;0.15;0.22;0.178;0.252;0.218;0.188;0.25;0.23;0.251;0.258;0.352;0.228;1.65;1.822;2.012;2.602;2.139;2.076;3.169;2.589;3.08;3.862;3.381;3.06
25;Cluster3;53.058;64.539;45.865;101.425;89.595;92.066;116.003;102.929;99.998;130.88;119.207;163.061;0.096;0.101;0.089;0.12;0.105;0.103;0.113;0.126;0.106;0.105;0.114;0.121;1.602;1.591;1.291;1.578;1.671;1.861;1.778;1.852;1.777;2.243;1.958;2.363
31;Cluster3;100.148;121.71;142.015;172.049;203.178;147.223;193.056;272.438;197.292;303.39;239.718;343.091;0.123;0.134;0.144;0.13;0.168;0.127;0.128;0.177;0.13;0.178;0.134;0.181;1.852;2.118;2.372;2.967;2.331;2.618;2.986;2.857;3.353;3.817;3.762;3.664
35;Cluster3;41.286;72.216;64.004;86.654;104.318;75.695;123.638;118.228;102.049;144.704;138.238;139.248;0.07;0.106;0.091;0.1;0.136;0.083;0.113;0.116;0.097;0.123;0.13;0.113;1.52;1.968;2.195;2.36;2.344;2.486;2.87;2.9;2.933;3.048;3.144;3.253
36;Cluster3;42.364;43.977;75.996;110.056;56.506;69.804;107.806;57.254;146.808;103.862;97.654;93.655;0.102;0.087;0.147;0.144;0.098;0.11;0.13;0.084;0.166;0.126;0.125;0.097;1.183;1.674;1.751;2.083;1.694;1.912;2.138;1.592;2.624;1.883;2.104;2.52
39;Cluster3;63.401;59.537;78.839;87.247;60.628;69.875;91.753;75.535;131.567;124.592;145.27;114.76;0.114;0.1;0.114;0.114;0.09;0.095;0.108;0.092;0.127;0.122;0.128;0.115;1.043;1.454;1.74;1.531;1.609;1.606;1.893;1.854;2.181;2.276;2.29;2.305
40;Cluster3;78.637;39.509;78.586;61.261;76.697;66.932;139.343;28.588;54.811;110.997;75.669;128.972;0.104;0.067;0.086;0.071;0.086;0.084;0.168;0.052;0.061;0.125;0.08;0.113;1.915;1.689;2.361;2.05;2.005;2.041;2.222;1.746;2.225;2.222;2.377;2.533
43;Cluster3;90.572;97.772;129.638;190.916;184.024;135.396;165.083;169.442;195.099;240.719;225.756;224.705;0.106;0.145;0.138;0.168;0.19;0.13;0.155;0.158;0.166;0.177;0.169;0.176;2.208;1.889;2.125;3.131;2.02;2.335;2.732;2.332;3.179;3.225;3.986;3.074
