Participant;Cluster;Measure;Opti_Speed;Mean
10;Cluster1;Amplitude;0.967;98.636
14;Cluster1;Amplitude;0.967;86.684
16;Cluster1;Amplitude;0.967;57.734
19;Cluster1;Amplitude;0.967;72.638
20;Cluster1;Amplitude;0.967;119.379
27;Cluster1;Amplitude;0.967;100.846
29;Cluster1;Amplitude;0.967;102.895
37;Cluster1;Amplitude;0.967;70.328
41;Cluster1;Amplitude;0.967;93.854
44;Cluster1;Amplitude;0.967;91.046
50;Cluster1;Amplitude;0.967;75.252
13;Cluster2;Amplitude;0.967;93.243
17;Cluster2;Amplitude;0.967;86.739
21;Cluster2;Amplitude;0.967;117.982
26;Cluster2;Amplitude;0.967;104.287
30;Cluster2;Amplitude;0.967;47.311
32;Cluster2;Amplitude;0.967;154.246
33;Cluster2;Amplitude;0.967;122.292
38;Cluster2;Amplitude;0.967;112.242
42;Cluster2;Amplitude;0.967;41.738
45;Cluster2;Amplitude;0.967;60.903
46;Cluster2;Amplitude;0.967;84.468
11;Cluster3;Amplitude;0.967;83.212
12;Cluster3;Amplitude;0.967;47.267
18;Cluster3;Amplitude;0.967;56.266
24;Cluster3;Amplitude;0.967;81.178
25;Cluster3;Amplitude;0.967;53.058
31;Cluster3;Amplitude;0.967;100.148
35;Cluster3;Amplitude;0.967;41.286
36;Cluster3;Amplitude;0.967;42.364
39;Cluster3;Amplitude;0.967;63.401
40;Cluster3;Amplitude;0.967;78.637
43;Cluster3;Amplitude;0.967;90.572
10;Cluster1;Duration;0.967;0.137
14;Cluster1;Duration;0.967;0.157
16;Cluster1;Duration;0.967;0.083
19;Cluster1;Duration;0.967;0.188
20;Cluster1;Duration;0.967;0.161
27;Cluster1;Duration;0.967;0.206
29;Cluster1;Duration;0.967;0.181
37;Cluster1;Duration;0.967;0.157
41;Cluster1;Duration;0.967;0.123
44;Cluster1;Duration;0.967;0.148
50;Cluster1;Duration;0.967;0.124
13;Cluster2;Duration;0.967;0.145
17;Cluster2;Duration;0.967;0.143
21;Cluster2;Duration;0.967;0.176
26;Cluster2;Duration;0.967;0.192
30;Cluster2;Duration;0.967;0.075
32;Cluster2;Duration;0.967;0.215
33;Cluster2;Duration;0.967;0.132
38;Cluster2;Duration;0.967;0.143
42;Cluster2;Duration;0.967;0.088
45;Cluster2;Duration;0.967;0.140
46;Cluster2;Duration;0.967;0.124
11;Cluster3;Duration;0.967;0.090
12;Cluster3;Duration;0.967;0.128
18;Cluster3;Duration;0.967;0.138
24;Cluster3;Duration;0.967;0.150
25;Cluster3;Duration;0.967;0.096
31;Cluster3;Duration;0.967;0.123
35;Cluster3;Duration;0.967;0.070
36;Cluster3;Duration;0.967;0.102
39;Cluster3;Duration;0.967;0.114
40;Cluster3;Duration;0.967;0.104
43;Cluster3;Duration;0.967;0.106
10;Cluster1;Impact_Speed;0.967;1.488
14;Cluster1;Impact_Speed;0.967;1.381
16;Cluster1;Impact_Speed;0.967;1.736
19;Cluster1;Impact_Speed;0.967;1.303
20;Cluster1;Impact_Speed;0.967;1.869
27;Cluster1;Impact_Speed;0.967;1.273
29;Cluster1;Impact_Speed;0.967;1.665
37;Cluster1;Impact_Speed;0.967;1.351
41;Cluster1;Impact_Speed;0.967;2.203
44;Cluster1;Impact_Speed;0.967;1.556
50;Cluster1;Impact_Speed;0.967;2.078
13;Cluster2;Impact_Speed;0.967;2.239
17;Cluster2;Impact_Speed;0.967;1.352
21;Cluster2;Impact_Speed;0.967;1.280
26;Cluster2;Impact_Speed;0.967;1.539
30;Cluster2;Impact_Speed;0.967;1.587
32;Cluster2;Impact_Speed;0.967;1.955
33;Cluster2;Impact_Speed;0.967;2.324
38;Cluster2;Impact_Speed;0.967;1.992
42;Cluster2;Impact_Speed;0.967;1.243
45;Cluster2;Impact_Speed;0.967;1.490
46;Cluster2;Impact_Speed;0.967;1.607
11;Cluster3;Impact_Speed;0.967;2.216
12;Cluster3;Impact_Speed;0.967;1.258
18;Cluster3;Impact_Speed;0.967;1.516
24;Cluster3;Impact_Speed;0.967;1.650
25;Cluster3;Impact_Speed;0.967;1.602
31;Cluster3;Impact_Speed;0.967;1.852
35;Cluster3;Impact_Speed;0.967;1.520
36;Cluster3;Impact_Speed;0.967;1.183
39;Cluster3;Impact_Speed;0.967;1.043
40;Cluster3;Impact_Speed;0.967;1.915
43;Cluster3;Impact_Speed;0.967;2.208
10;Cluster1;Spatial_Error;0.967;-6.312
14;Cluster1;Spatial_Error;0.967;-9.910
16;Cluster1;Spatial_Error;0.967;-10.872
19;Cluster1;Spatial_Error;0.967;-9.158
20;Cluster1;Spatial_Error;0.967;20.662
27;Cluster1;Spatial_Error;0.967;12.356
29;Cluster1;Spatial_Error;0.967;1.421
37;Cluster1;Spatial_Error;0.967;16.202
41;Cluster1;Spatial_Error;0.967;-12.437
44;Cluster1;Spatial_Error;0.967;-0.276
50;Cluster1;Spatial_Error;0.967;-1.931
13;Cluster2;Spatial_Error;0.967;13.432
17;Cluster2;Spatial_Error;0.967;-5.246
21;Cluster2;Spatial_Error;0.967;19.809
26;Cluster2;Spatial_Error;0.967;7.013
30;Cluster2;Spatial_Error;0.967;6.410
32;Cluster2;Spatial_Error;0.967;-3.151
33;Cluster2;Spatial_Error;0.967;3.963
38;Cluster2;Spatial_Error;0.967;-2.517
42;Cluster2;Spatial_Error;0.967;11.470
45;Cluster2;Spatial_Error;0.967;5.195
46;Cluster2;Spatial_Error;0.967;10.315
11;Cluster3;Spatial_Error;0.967;-8.922
12;Cluster3;Spatial_Error;0.967;-13.626
18;Cluster3;Spatial_Error;0.967;-7.807
24;Cluster3;Spatial_Error;0.967;3.495
25;Cluster3;Spatial_Error;0.967;15.041
31;Cluster3;Spatial_Error;0.967;1.527
35;Cluster3;Spatial_Error;0.967;1.823
36;Cluster3;Spatial_Error;0.967;-21.775
39;Cluster3;Spatial_Error;0.967;0.352
40;Cluster3;Spatial_Error;0.967;6.022
43;Cluster3;Spatial_Error;0.967;-3.102
10;Cluster1;Amplitude;1.191;117.210
14;Cluster1;Amplitude;1.191;92.457
16;Cluster1;Amplitude;1.191;68.430
19;Cluster1;Amplitude;1.191;73.417
20;Cluster1;Amplitude;1.191;167.574
27;Cluster1;Amplitude;1.191;146.284
29;Cluster1;Amplitude;1.191;137.768
37;Cluster1;Amplitude;1.191;76.348
41;Cluster1;Amplitude;1.191;111.461
44;Cluster1;Amplitude;1.191;108.044
50;Cluster1;Amplitude;1.191;110.701
13;Cluster2;Amplitude;1.191;107.018
17;Cluster2;Amplitude;1.191;101.160
21;Cluster2;Amplitude;1.191;156.499
26;Cluster2;Amplitude;1.191;147.321
30;Cluster2;Amplitude;1.191;55.328
32;Cluster2;Amplitude;1.191;172.388
33;Cluster2;Amplitude;1.191;98.214
38;Cluster2;Amplitude;1.191;120.619
42;Cluster2;Amplitude;1.191;90.758
45;Cluster2;Amplitude;1.191;63.696
46;Cluster2;Amplitude;1.191;112.085
11;Cluster3;Amplitude;1.191;110.479
12;Cluster3;Amplitude;1.191;82.006
18;Cluster3;Amplitude;1.191;82.544
24;Cluster3;Amplitude;1.191;127.917
25;Cluster3;Amplitude;1.191;64.539
31;Cluster3;Amplitude;1.191;121.710
35;Cluster3;Amplitude;1.191;72.216
36;Cluster3;Amplitude;1.191;43.977
39;Cluster3;Amplitude;1.191;59.537
40;Cluster3;Amplitude;1.191;39.509
43;Cluster3;Amplitude;1.191;97.772
10;Cluster1;Duration;1.191;0.134
14;Cluster1;Duration;1.191;0.130
16;Cluster1;Duration;1.191;0.090
19;Cluster1;Duration;1.191;0.169
20;Cluster1;Duration;1.191;0.192
27;Cluster1;Duration;1.191;0.228
29;Cluster1;Duration;1.191;0.151
37;Cluster1;Duration;1.191;0.111
41;Cluster1;Duration;1.191;0.112
44;Cluster1;Duration;1.191;0.139
50;Cluster1;Duration;1.191;0.140
13;Cluster2;Duration;1.191;0.142
17;Cluster2;Duration;1.191;0.148
21;Cluster2;Duration;1.191;0.163
26;Cluster2;Duration;1.191;0.173
30;Cluster2;Duration;1.191;0.078
32;Cluster2;Duration;1.191;0.252
33;Cluster2;Duration;1.191;0.107
38;Cluster2;Duration;1.191;0.135
42;Cluster2;Duration;1.191;0.109
45;Cluster2;Duration;1.191;0.123
46;Cluster2;Duration;1.191;0.124
11;Cluster3;Duration;1.191;0.100
12;Cluster3;Duration;1.191;0.136
18;Cluster3;Duration;1.191;0.189
24;Cluster3;Duration;1.191;0.220
25;Cluster3;Duration;1.191;0.101
31;Cluster3;Duration;1.191;0.134
35;Cluster3;Duration;1.191;0.106
36;Cluster3;Duration;1.191;0.087
39;Cluster3;Duration;1.191;0.100
40;Cluster3;Duration;1.191;0.067
43;Cluster3;Duration;1.191;0.145
10;Cluster1;Impact_Speed;1.191;2.021
14;Cluster1;Impact_Speed;1.191;1.651
16;Cluster1;Impact_Speed;1.191;1.745
19;Cluster1;Impact_Speed;1.191;1.543
20;Cluster1;Impact_Speed;1.191;1.678
27;Cluster1;Impact_Speed;1.191;1.590
29;Cluster1;Impact_Speed;1.191;2.367
37;Cluster1;Impact_Speed;1.191;1.994
41;Cluster1;Impact_Speed;1.191;2.507
44;Cluster1;Impact_Speed;1.191;1.906
50;Cluster1;Impact_Speed;1.191;2.280
13;Cluster2;Impact_Speed;1.191;2.458
17;Cluster2;Impact_Speed;1.191;1.566
21;Cluster2;Impact_Speed;1.191;1.691
26;Cluster2;Impact_Speed;1.191;1.908
30;Cluster2;Impact_Speed;1.191;1.960
32;Cluster2;Impact_Speed;1.191;2.410
33;Cluster2;Impact_Speed;1.191;2.169
38;Cluster2;Impact_Speed;1.191;2.359
42;Cluster2;Impact_Speed;1.191;1.815
45;Cluster2;Impact_Speed;1.191;1.689
46;Cluster2;Impact_Speed;1.191;1.820
11;Cluster3;Impact_Speed;1.191;2.746
12;Cluster3;Impact_Speed;1.191;1.742
18;Cluster3;Impact_Speed;1.191;1.606
24;Cluster3;Impact_Speed;1.191;1.822
25;Cluster3;Impact_Speed;1.191;1.591
31;Cluster3;Impact_Speed;1.191;2.118
35;Cluster3;Impact_Speed;1.191;1.968
36;Cluster3;Impact_Speed;1.191;1.674
39;Cluster3;Impact_Speed;1.191;1.454
40;Cluster3;Impact_Speed;1.191;1.689
43;Cluster3;Impact_Speed;1.191;1.889
10;Cluster1;Spatial_Error;1.191;-8.347
14;Cluster1;Spatial_Error;1.191;-15.091
16;Cluster1;Spatial_Error;1.191;-7.489
19;Cluster1;Spatial_Error;1.191;-0.052
20;Cluster1;Spatial_Error;1.191;-10.332
27;Cluster1;Spatial_Error;1.191;0.559
29;Cluster1;Spatial_Error;1.191;-5.265
37;Cluster1;Spatial_Error;1.191;12.235
41;Cluster1;Spatial_Error;1.191;-2.143
44;Cluster1;Spatial_Error;1.191;12.589
50;Cluster1;Spatial_Error;1.191;-6.346
13;Cluster2;Spatial_Error;1.191;-6.022
17;Cluster2;Spatial_Error;1.191;-7.874
21;Cluster2;Spatial_Error;1.191;25.328
26;Cluster2;Spatial_Error;1.191;-5.763
30;Cluster2;Spatial_Error;1.191;-18.720
32;Cluster2;Spatial_Error;1.191;-3.440
33;Cluster2;Spatial_Error;1.191;9.252
38;Cluster2;Spatial_Error;1.191;-10.269
42;Cluster2;Spatial_Error;1.191;-3.944
45;Cluster2;Spatial_Error;1.191;0.580
46;Cluster2;Spatial_Error;1.191;8.728
11;Cluster3;Spatial_Error;1.191;-5.962
12;Cluster3;Spatial_Error;1.191;-11.117
18;Cluster3;Spatial_Error;1.191;0.158
24;Cluster3;Spatial_Error;1.191;-1.140
25;Cluster3;Spatial_Error;1.191;0.540
31;Cluster3;Spatial_Error;1.191;7.844
35;Cluster3;Spatial_Error;1.191;-6.977
36;Cluster3;Spatial_Error;1.191;-12.039
39;Cluster3;Spatial_Error;1.191;3.772
40;Cluster3;Spatial_Error;1.191;27.864
43;Cluster3;Spatial_Error;1.191;-10.030
10;Cluster1;Amplitude;1.347;131.881
14;Cluster1;Amplitude;1.347;129.367
16;Cluster1;Amplitude;1.347;69.459
19;Cluster1;Amplitude;1.347;99.600
20;Cluster1;Amplitude;1.347;170.446
27;Cluster1;Amplitude;1.347;103.315
29;Cluster1;Amplitude;1.347;141.244
37;Cluster1;Amplitude;1.347;56.824
41;Cluster1;Amplitude;1.347;90.476
44;Cluster1;Amplitude;1.347;100.980
50;Cluster1;Amplitude;1.347;89.314
13;Cluster2;Amplitude;1.347;130.421
17;Cluster2;Amplitude;1.347;109.026
21;Cluster2;Amplitude;1.347;138.033
26;Cluster2;Amplitude;1.347;124.545
30;Cluster2;Amplitude;1.347;73.522
32;Cluster2;Amplitude;1.347;182.250
33;Cluster2;Amplitude;1.347;105.528
38;Cluster2;Amplitude;1.347;155.818
42;Cluster2;Amplitude;1.347;69.775
45;Cluster2;Amplitude;1.347;56.375
46;Cluster2;Amplitude;1.347;93.226
11;Cluster3;Amplitude;1.347;103.280
12;Cluster3;Amplitude;1.347;84.626
18;Cluster3;Amplitude;1.347;100.077
24;Cluster3;Amplitude;1.347;163.137
25;Cluster3;Amplitude;1.347;45.865
31;Cluster3;Amplitude;1.347;142.015
35;Cluster3;Amplitude;1.347;64.004
36;Cluster3;Amplitude;1.347;75.996
39;Cluster3;Amplitude;1.347;78.839
40;Cluster3;Amplitude;1.347;78.586
43;Cluster3;Amplitude;1.347;129.638
10;Cluster1;Duration;1.347;0.147
14;Cluster1;Duration;1.347;0.195
16;Cluster1;Duration;1.347;0.080
19;Cluster1;Duration;1.347;0.173
20;Cluster1;Duration;1.347;0.191
27;Cluster1;Duration;1.347;0.188
29;Cluster1;Duration;1.347;0.222
37;Cluster1;Duration;1.347;0.128
41;Cluster1;Duration;1.347;0.108
44;Cluster1;Duration;1.347;0.140
50;Cluster1;Duration;1.347;0.129
13;Cluster2;Duration;1.347;0.138
17;Cluster2;Duration;1.347;0.140
21;Cluster2;Duration;1.347;0.166
26;Cluster2;Duration;1.347;0.157
30;Cluster2;Duration;1.347;0.078
32;Cluster2;Duration;1.347;0.204
33;Cluster2;Duration;1.347;0.107
38;Cluster2;Duration;1.347;0.146
42;Cluster2;Duration;1.347;0.094
45;Cluster2;Duration;1.347;0.130
46;Cluster2;Duration;1.347;0.117
11;Cluster3;Duration;1.347;0.110
12;Cluster3;Duration;1.347;0.170
18;Cluster3;Duration;1.347;0.196
24;Cluster3;Duration;1.347;0.178
25;Cluster3;Duration;1.347;0.089
31;Cluster3;Duration;1.347;0.144
35;Cluster3;Duration;1.347;0.091
36;Cluster3;Duration;1.347;0.147
39;Cluster3;Duration;1.347;0.114
40;Cluster3;Duration;1.347;0.086
43;Cluster3;Duration;1.347;0.138
10;Cluster1;Impact_Speed;1.347;2.004
14;Cluster1;Impact_Speed;1.347;1.534
16;Cluster1;Impact_Speed;1.347;2.011
19;Cluster1;Impact_Speed;1.347;1.760
20;Cluster1;Impact_Speed;1.347;2.038
27;Cluster1;Impact_Speed;1.347;1.850
29;Cluster1;Impact_Speed;1.347;1.907
37;Cluster1;Impact_Speed;1.347;1.321
41;Cluster1;Impact_Speed;1.347;2.435
44;Cluster1;Impact_Speed;1.347;1.853
50;Cluster1;Impact_Speed;1.347;2.075
13;Cluster2;Impact_Speed;1.347;3.027
17;Cluster2;Impact_Speed;1.347;1.740
21;Cluster2;Impact_Speed;1.347;1.576
26;Cluster2;Impact_Speed;1.347;2.166
30;Cluster2;Impact_Speed;1.347;2.280
32;Cluster2;Impact_Speed;1.347;2.577
33;Cluster2;Impact_Speed;1.347;2.360
38;Cluster2;Impact_Speed;1.347;2.450
42;Cluster2;Impact_Speed;1.347;1.889
45;Cluster2;Impact_Speed;1.347;1.553
46;Cluster2;Impact_Speed;1.347;1.804
11;Cluster3;Impact_Speed;1.347;2.145
12;Cluster3;Impact_Speed;1.347;1.490
18;Cluster3;Impact_Speed;1.347;1.412
24;Cluster3;Impact_Speed;1.347;2.012
25;Cluster3;Impact_Speed;1.347;1.291
31;Cluster3;Impact_Speed;1.347;2.372
35;Cluster3;Impact_Speed;1.347;2.195
36;Cluster3;Impact_Speed;1.347;1.751
39;Cluster3;Impact_Speed;1.347;1.740
40;Cluster3;Impact_Speed;1.347;2.361
43;Cluster3;Impact_Speed;1.347;2.125
10;Cluster1;Spatial_Error;1.347;-0.172
14;Cluster1;Spatial_Error;1.347;-13.110
16;Cluster1;Spatial_Error;1.347;-3.688
19;Cluster1;Spatial_Error;1.347;-14.701
20;Cluster1;Spatial_Error;1.347;24.496
27;Cluster1;Spatial_Error;1.347;1.801
29;Cluster1;Spatial_Error;1.347;-8.485
37;Cluster1;Spatial_Error;1.347;-9.672
41;Cluster1;Spatial_Error;1.347;-10.690
44;Cluster1;Spatial_Error;1.347;-9.324
50;Cluster1;Spatial_Error;1.347;-3.325
13;Cluster2;Spatial_Error;1.347;2.946
17;Cluster2;Spatial_Error;1.347;-9.417
21;Cluster2;Spatial_Error;1.347;5.470
26;Cluster2;Spatial_Error;1.347;7.459
30;Cluster2;Spatial_Error;1.347;-6.819
32;Cluster2;Spatial_Error;1.347;-29.583
33;Cluster2;Spatial_Error;1.347;-13.121
38;Cluster2;Spatial_Error;1.347;-9.720
42;Cluster2;Spatial_Error;1.347;-1.776
45;Cluster2;Spatial_Error;1.347;-4.852
46;Cluster2;Spatial_Error;1.347;-1.063
11;Cluster3;Spatial_Error;1.347;-1.127
12;Cluster3;Spatial_Error;1.347;-6.276
18;Cluster3;Spatial_Error;1.347;-6.364
24;Cluster3;Spatial_Error;1.347;6.274
25;Cluster3;Spatial_Error;1.347;1.432
31;Cluster3;Spatial_Error;1.347;1.611
35;Cluster3;Spatial_Error;1.347;-4.491
36;Cluster3;Spatial_Error;1.347;-17.208
39;Cluster3;Spatial_Error;1.347;11.775
40;Cluster3;Spatial_Error;1.347;3.295
43;Cluster3;Spatial_Error;1.347;-7.636
10;Cluster1;Amplitude;1.368;124.836
14;Cluster1;Amplitude;1.368;76.898
16;Cluster1;Amplitude;1.368;66.596
19;Cluster1;Amplitude;1.368;111.077
20;Cluster1;Amplitude;1.368;178.992
27;Cluster1;Amplitude;1.368;119.236
29;Cluster1;Amplitude;1.368;132.392
37;Cluster1;Amplitude;1.368;83.061
41;Cluster1;Amplitude;1.368;118.121
44;Cluster1;Amplitude;1.368;127.976
50;Cluster1;Amplitude;1.368;85.697
13;Cluster2;Amplitude;1.368;107.388
17;Cluster2;Amplitude;1.368;142.873
21;Cluster2;Amplitude;1.368;149.286
26;Cluster2;Amplitude;1.368;142.947
30;Cluster2;Amplitude;1.368;85.755
32;Cluster2;Amplitude;1.368;205.828
33;Cluster2;Amplitude;1.368;115.908
38;Cluster2;Amplitude;1.368;207.234
42;Cluster2;Amplitude;1.368;52.124
45;Cluster2;Amplitude;1.368;67.620
46;Cluster2;Amplitude;1.368;142.048
11;Cluster3;Amplitude;1.368;81.349
12;Cluster3;Amplitude;1.368;122.502
18;Cluster3;Amplitude;1.368;73.311
24;Cluster3;Amplitude;1.368;204.745
25;Cluster3;Amplitude;1.368;101.425
31;Cluster3;Amplitude;1.368;172.049
35;Cluster3;Amplitude;1.368;86.654
36;Cluster3;Amplitude;1.368;110.056
39;Cluster3;Amplitude;1.368;87.247
40;Cluster3;Amplitude;1.368;61.261
43;Cluster3;Amplitude;1.368;190.916
10;Cluster1;Duration;1.368;0.127
14;Cluster1;Duration;1.368;0.111
16;Cluster1;Duration;1.368;0.073
19;Cluster1;Duration;1.368;0.134
20;Cluster1;Duration;1.368;0.172
27;Cluster1;Duration;1.368;0.183
29;Cluster1;Duration;1.368;0.129
37;Cluster1;Duration;1.368;0.125
41;Cluster1;Duration;1.368;0.087
44;Cluster1;Duration;1.368;0.141
50;Cluster1;Duration;1.368;0.093
13;Cluster2;Duration;1.368;0.114
17;Cluster2;Duration;1.368;0.144
21;Cluster2;Duration;1.368;0.174
26;Cluster2;Duration;1.368;0.174
30;Cluster2;Duration;1.368;0.086
32;Cluster2;Duration;1.368;0.236
33;Cluster2;Duration;1.368;0.112
38;Cluster2;Duration;1.368;0.191
42;Cluster2;Duration;1.368;0.068
45;Cluster2;Duration;1.368;0.106
46;Cluster2;Duration;1.368;0.138
11;Cluster3;Duration;1.368;0.094
12;Cluster3;Duration;1.368;0.169
18;Cluster3;Duration;1.368;0.128
24;Cluster3;Duration;1.368;0.252
25;Cluster3;Duration;1.368;0.120
31;Cluster3;Duration;1.368;0.130
35;Cluster3;Duration;1.368;0.100
36;Cluster3;Duration;1.368;0.144
39;Cluster3;Duration;1.368;0.114
40;Cluster3;Duration;1.368;0.071
43;Cluster3;Duration;1.368;0.168
10;Cluster1;Impact_Speed;1.368;2.262
14;Cluster1;Impact_Speed;1.368;1.770
16;Cluster1;Impact_Speed;1.368;1.995
19;Cluster1;Impact_Speed;1.368;2.114
20;Cluster1;Impact_Speed;1.368;2.390
27;Cluster1;Impact_Speed;1.368;1.748
29;Cluster1;Impact_Speed;1.368;2.547
37;Cluster1;Impact_Speed;1.368;1.909
41;Cluster1;Impact_Speed;1.368;3.100
44;Cluster1;Impact_Speed;1.368;2.311
50;Cluster1;Impact_Speed;1.368;2.711
13;Cluster2;Impact_Speed;1.368;2.711
17;Cluster2;Impact_Speed;1.368;2.221
21;Cluster2;Impact_Speed;1.368;1.725
26;Cluster2;Impact_Speed;1.368;2.283
30;Cluster2;Impact_Speed;1.368;2.242
32;Cluster2;Impact_Speed;1.368;3.033
33;Cluster2;Impact_Speed;1.368;2.436
38;Cluster2;Impact_Speed;1.368;2.521
42;Cluster2;Impact_Speed;1.368;1.811
45;Cluster2;Impact_Speed;1.368;1.872
46;Cluster2;Impact_Speed;1.368;2.512
11;Cluster3;Impact_Speed;1.368;2.101
12;Cluster3;Impact_Speed;1.368;2.082
18;Cluster3;Impact_Speed;1.368;1.696
24;Cluster3;Impact_Speed;1.368;2.602
25;Cluster3;Impact_Speed;1.368;1.578
31;Cluster3;Impact_Speed;1.368;2.967
35;Cluster3;Impact_Speed;1.368;2.360
36;Cluster3;Impact_Speed;1.368;2.083
39;Cluster3;Impact_Speed;1.368;1.531
40;Cluster3;Impact_Speed;1.368;2.050
43;Cluster3;Impact_Speed;1.368;3.131
10;Cluster1;Spatial_Error;1.368;4.008
14;Cluster1;Spatial_Error;1.368;-4.177
16;Cluster1;Spatial_Error;1.368;-10.277
19;Cluster1;Spatial_Error;1.368;-1.124
20;Cluster1;Spatial_Error;1.368;10.737
27;Cluster1;Spatial_Error;1.368;5.592
29;Cluster1;Spatial_Error;1.368;-7.500
37;Cluster1;Spatial_Error;1.368;2.239
41;Cluster1;Spatial_Error;1.368;-3.973
44;Cluster1;Spatial_Error;1.368;-1.177
50;Cluster1;Spatial_Error;1.368;-2.666
13;Cluster2;Spatial_Error;1.368;5.856
17;Cluster2;Spatial_Error;1.368;2.382
21;Cluster2;Spatial_Error;1.368;-2.078
26;Cluster2;Spatial_Error;1.368;10.167
30;Cluster2;Spatial_Error;1.368;-7.674
32;Cluster2;Spatial_Error;1.368;-4.805
33;Cluster2;Spatial_Error;1.368;4.716
38;Cluster2;Spatial_Error;1.368;11.421
42;Cluster2;Spatial_Error;1.368;7.073
45;Cluster2;Spatial_Error;1.368;-3.203
46;Cluster2;Spatial_Error;1.368;9.093
11;Cluster3;Spatial_Error;1.368;6.582
12;Cluster3;Spatial_Error;1.368;-18.510
18;Cluster3;Spatial_Error;1.368;-12.815
24;Cluster3;Spatial_Error;1.368;2.694
25;Cluster3;Spatial_Error;1.368;-3.305
31;Cluster3;Spatial_Error;1.368;2.076
35;Cluster3;Spatial_Error;1.368;-1.656
36;Cluster3;Spatial_Error;1.368;-17.354
39;Cluster3;Spatial_Error;1.368;-14.057
40;Cluster3;Spatial_Error;1.368;2.069
43;Cluster3;Spatial_Error;1.368;-17.111
10;Cluster1;Amplitude;1.518;138.745
14;Cluster1;Amplitude;1.518;86.348
16;Cluster1;Amplitude;1.518;109.147
19;Cluster1;Amplitude;1.518;106.471
20;Cluster1;Amplitude;1.518;202.542
27;Cluster1;Amplitude;1.518;197.582
29;Cluster1;Amplitude;1.518;190.141
37;Cluster1;Amplitude;1.518;76.318
41;Cluster1;Amplitude;1.518;102.118
44;Cluster1;Amplitude;1.518;136.089
50;Cluster1;Amplitude;1.518;117.822
13;Cluster2;Amplitude;1.518;92.793
17;Cluster2;Amplitude;1.518;101.511
21;Cluster2;Amplitude;1.518;193.128
26;Cluster2;Amplitude;1.518;210.326
30;Cluster2;Amplitude;1.518;52.688
32;Cluster2;Amplitude;1.518;225.603
33;Cluster2;Amplitude;1.518;100.265
38;Cluster2;Amplitude;1.518;168.013
42;Cluster2;Amplitude;1.518;85.246
45;Cluster2;Amplitude;1.518;98.686
46;Cluster2;Amplitude;1.518;144.622
11;Cluster3;Amplitude;1.518;149.872
12;Cluster3;Amplitude;1.518;99.941
18;Cluster3;Amplitude;1.518;244.323
24;Cluster3;Amplitude;1.518;162.354
25;Cluster3;Amplitude;1.518;89.595
31;Cluster3;Amplitude;1.518;203.178
35;Cluster3;Amplitude;1.518;104.318
36;Cluster3;Amplitude;1.518;56.506
39;Cluster3;Amplitude;1.518;60.628
40;Cluster3;Amplitude;1.518;76.697
43;Cluster3;Amplitude;1.518;184.024
10;Cluster1;Duration;1.518;0.148
14;Cluster1;Duration;1.518;0.124
16;Cluster1;Duration;1.518;0.117
19;Cluster1;Duration;1.518;0.150
20;Cluster1;Duration;1.518;0.190
27;Cluster1;Duration;1.518;0.242
29;Cluster1;Duration;1.518;0.206
37;Cluster1;Duration;1.518;0.117
41;Cluster1;Duration;1.518;0.106
44;Cluster1;Duration;1.518;0.156
50;Cluster1;Duration;1.518;0.126
13;Cluster2;Duration;1.518;0.088
17;Cluster2;Duration;1.518;0.125
21;Cluster2;Duration;1.518;0.182
26;Cluster2;Duration;1.518;0.202
30;Cluster2;Duration;1.518;0.066
32;Cluster2;Duration;1.518;0.244
33;Cluster2;Duration;1.518;0.110
38;Cluster2;Duration;1.518;0.166
42;Cluster2;Duration;1.518;0.094
45;Cluster2;Duration;1.518;0.150
46;Cluster2;Duration;1.518;0.124
11;Cluster3;Duration;1.518;0.132
12;Cluster3;Duration;1.518;0.150
18;Cluster3;Duration;1.518;0.296
24;Cluster3;Duration;1.518;0.218
25;Cluster3;Duration;1.518;0.105
31;Cluster3;Duration;1.518;0.168
35;Cluster3;Duration;1.518;0.136
36;Cluster3;Duration;1.518;0.098
39;Cluster3;Duration;1.518;0.090
40;Cluster3;Duration;1.518;0.086
43;Cluster3;Duration;1.518;0.190
10;Cluster1;Impact_Speed;1.518;2.321
14;Cluster1;Impact_Speed;1.518;1.705
16;Cluster1;Impact_Speed;1.518;2.077
19;Cluster1;Impact_Speed;1.518;1.886
20;Cluster1;Impact_Speed;1.518;2.104
27;Cluster1;Impact_Speed;1.518;1.910
29;Cluster1;Impact_Speed;1.518;2.330
37;Cluster1;Impact_Speed;1.518;1.727
41;Cluster1;Impact_Speed;1.518;2.814
44;Cluster1;Impact_Speed;1.518;2.180
50;Cluster1;Impact_Speed;1.518;2.513
13;Cluster2;Impact_Speed;1.518;2.741
17;Cluster2;Impact_Speed;1.518;1.710
21;Cluster2;Impact_Speed;1.518;2.337
26;Cluster2;Impact_Speed;1.518;2.537
30;Cluster2;Impact_Speed;1.518;2.123
32;Cluster2;Impact_Speed;1.518;2.778
33;Cluster2;Impact_Speed;1.518;2.131
38;Cluster2;Impact_Speed;1.518;2.598
42;Cluster2;Impact_Speed;1.518;1.870
45;Cluster2;Impact_Speed;1.518;1.962
46;Cluster2;Impact_Speed;1.518;2.169
11;Cluster3;Impact_Speed;1.518;2.431
12;Cluster3;Impact_Speed;1.518;2.132
18;Cluster3;Impact_Speed;1.518;2.492
24;Cluster3;Impact_Speed;1.518;2.139
25;Cluster3;Impact_Speed;1.518;1.671
31;Cluster3;Impact_Speed;1.518;2.331
35;Cluster3;Impact_Speed;1.518;2.344
36;Cluster3;Impact_Speed;1.518;1.694
39;Cluster3;Impact_Speed;1.518;1.609
40;Cluster3;Impact_Speed;1.518;2.005
43;Cluster3;Impact_Speed;1.518;2.020
10;Cluster1;Spatial_Error;1.518;0.608
14;Cluster1;Spatial_Error;1.518;-7.835
16;Cluster1;Spatial_Error;1.518;-19.147
19;Cluster1;Spatial_Error;1.518;-10.434
20;Cluster1;Spatial_Error;1.518;13.843
27;Cluster1;Spatial_Error;1.518;-22.127
29;Cluster1;Spatial_Error;1.518;-12.347
37;Cluster1;Spatial_Error;1.518;-5.506
41;Cluster1;Spatial_Error;1.518;15.606
44;Cluster1;Spatial_Error;1.518;9.173
50;Cluster1;Spatial_Error;1.518;-27.239
13;Cluster2;Spatial_Error;1.518;-33.470
17;Cluster2;Spatial_Error;1.518;-11.798
21;Cluster2;Spatial_Error;1.518;-7.890
26;Cluster2;Spatial_Error;1.518;-13.322
30;Cluster2;Spatial_Error;1.518;-21.162
32;Cluster2;Spatial_Error;1.518;-6.105
33;Cluster2;Spatial_Error;1.518;2.998
38;Cluster2;Spatial_Error;1.518;-19.970
42;Cluster2;Spatial_Error;1.518;-21.163
45;Cluster2;Spatial_Error;1.518;3.445
46;Cluster2;Spatial_Error;1.518;-2.257
11;Cluster3;Spatial_Error;1.518;-21.204
12;Cluster3;Spatial_Error;1.518;-3.372
18;Cluster3;Spatial_Error;1.518;-30.647
24;Cluster3;Spatial_Error;1.518;1.531
25;Cluster3;Spatial_Error;1.518;-6.064
31;Cluster3;Spatial_Error;1.518;-26.834
35;Cluster3;Spatial_Error;1.518;-26.988
36;Cluster3;Spatial_Error;1.518;-20.786
39;Cluster3;Spatial_Error;1.518;-2.409
40;Cluster3;Spatial_Error;1.518;20.078
43;Cluster3;Spatial_Error;1.518;-33.960
10;Cluster1;Amplitude;1.625;116.847
14;Cluster1;Amplitude;1.625;125.711
16;Cluster1;Amplitude;1.625;88.377
19;Cluster1;Amplitude;1.625;120.499
20;Cluster1;Amplitude;1.625;218.826
27;Cluster1;Amplitude;1.625;75.647
29;Cluster1;Amplitude;1.625;171.359
37;Cluster1;Amplitude;1.625;74.522
41;Cluster1;Amplitude;1.625;72.192
44;Cluster1;Amplitude;1.625;110.056
50;Cluster1;Amplitude;1.625;96.072
13;Cluster2;Amplitude;1.625;119.477
17;Cluster2;Amplitude;1.625;113.618
21;Cluster2;Amplitude;1.625;143.834
26;Cluster2;Amplitude;1.625;125.959
30;Cluster2;Amplitude;1.625;75.984
32;Cluster2;Amplitude;1.625;188.028
33;Cluster2;Amplitude;1.625;155.583
38;Cluster2;Amplitude;1.625;175.355
42;Cluster2;Amplitude;1.625;76.875
45;Cluster2;Amplitude;1.625;70.716
46;Cluster2;Amplitude;1.625;133.572
11;Cluster3;Amplitude;1.625;82.728
12;Cluster3;Amplitude;1.625;74.667
18;Cluster3;Amplitude;1.625;68.291
24;Cluster3;Amplitude;1.625;129.504
25;Cluster3;Amplitude;1.625;92.066
31;Cluster3;Amplitude;1.625;147.223
35;Cluster3;Amplitude;1.625;75.695
36;Cluster3;Amplitude;1.625;69.804
39;Cluster3;Amplitude;1.625;69.875
40;Cluster3;Amplitude;1.625;66.932
43;Cluster3;Amplitude;1.625;135.396
10;Cluster1;Duration;1.625;0.123
14;Cluster1;Duration;1.625;0.170
16;Cluster1;Duration;1.625;0.074
19;Cluster1;Duration;1.625;0.150
20;Cluster1;Duration;1.625;0.171
27;Cluster1;Duration;1.625;0.112
29;Cluster1;Duration;1.625;0.176
37;Cluster1;Duration;1.625;0.132
41;Cluster1;Duration;1.625;0.078
44;Cluster1;Duration;1.625;0.142
50;Cluster1;Duration;1.625;0.114
13;Cluster2;Duration;1.625;0.124
17;Cluster2;Duration;1.625;0.134
21;Cluster2;Duration;1.625;0.157
26;Cluster2;Duration;1.625;0.168
30;Cluster2;Duration;1.625;0.065
32;Cluster2;Duration;1.625;0.230
33;Cluster2;Duration;1.625;0.149
38;Cluster2;Duration;1.625;0.156
42;Cluster2;Duration;1.625;0.090
45;Cluster2;Duration;1.625;0.127
46;Cluster2;Duration;1.625;0.117
11;Cluster3;Duration;1.625;0.104
12;Cluster3;Duration;1.625;0.110
18;Cluster3;Duration;1.625;0.117
24;Cluster3;Duration;1.625;0.188
25;Cluster3;Duration;1.625;0.103
31;Cluster3;Duration;1.625;0.127
35;Cluster3;Duration;1.625;0.083
36;Cluster3;Duration;1.625;0.110
39;Cluster3;Duration;1.625;0.095
40;Cluster3;Duration;1.625;0.084
43;Cluster3;Duration;1.625;0.130
10;Cluster1;Impact_Speed;1.625;2.317
14;Cluster1;Impact_Speed;1.625;2.014
16;Cluster1;Impact_Speed;1.625;2.526
19;Cluster1;Impact_Speed;1.625;2.049
20;Cluster1;Impact_Speed;1.625;2.711
27;Cluster1;Impact_Speed;1.625;1.901
29;Cluster1;Impact_Speed;1.625;2.220
37;Cluster1;Impact_Speed;1.625;1.720
41;Cluster1;Impact_Speed;1.625;2.684
44;Cluster1;Impact_Speed;1.625;1.923
50;Cluster1;Impact_Speed;1.625;2.591
13;Cluster2;Impact_Speed;1.625;2.945
17;Cluster2;Impact_Speed;1.625;1.985
21;Cluster2;Impact_Speed;1.625;1.812
26;Cluster2;Impact_Speed;1.625;2.238
30;Cluster2;Impact_Speed;1.625;2.457
32;Cluster2;Impact_Speed;1.625;2.329
33;Cluster2;Impact_Speed;1.625;2.508
38;Cluster2;Impact_Speed;1.625;2.842
42;Cluster2;Impact_Speed;1.625;1.991
45;Cluster2;Impact_Speed;1.625;1.662
46;Cluster2;Impact_Speed;1.625;2.334
11;Cluster3;Impact_Speed;1.625;1.768
12;Cluster3;Impact_Speed;1.625;2.115
18;Cluster3;Impact_Speed;1.625;2.030
24;Cluster3;Impact_Speed;1.625;2.076
25;Cluster3;Impact_Speed;1.625;1.861
31;Cluster3;Impact_Speed;1.625;2.618
35;Cluster3;Impact_Speed;1.625;2.486
36;Cluster3;Impact_Speed;1.625;1.912
39;Cluster3;Impact_Speed;1.625;1.606
40;Cluster3;Impact_Speed;1.625;2.041
43;Cluster3;Impact_Speed;1.625;2.335
10;Cluster1;Spatial_Error;1.625;5.013
14;Cluster1;Spatial_Error;1.625;-9.344
16;Cluster1;Spatial_Error;1.625;-18.434
19;Cluster1;Spatial_Error;1.625;-8.259
20;Cluster1;Spatial_Error;1.625;22.928
27;Cluster1;Spatial_Error;1.625;-6.673
29;Cluster1;Spatial_Error;1.625;-3.324
37;Cluster1;Spatial_Error;1.625;-3.025
41;Cluster1;Spatial_Error;1.625;12.922
44;Cluster1;Spatial_Error;1.625;-8.185
50;Cluster1;Spatial_Error;1.625;3.055
13;Cluster2;Spatial_Error;1.625;-7.807
17;Cluster2;Spatial_Error;1.625;-1.006
21;Cluster2;Spatial_Error;1.625;7.927
26;Cluster2;Spatial_Error;1.625;-5.712
30;Cluster2;Spatial_Error;1.625;-5.061
32;Cluster2;Spatial_Error;1.625;-26.036
33;Cluster2;Spatial_Error;1.625;2.248
38;Cluster2;Spatial_Error;1.625;-5.909
42;Cluster2;Spatial_Error;1.625;-5.220
45;Cluster2;Spatial_Error;1.625;5.432
46;Cluster2;Spatial_Error;1.625;-7.586
11;Cluster3;Spatial_Error;1.625;5.598
12;Cluster3;Spatial_Error;1.625;-3.844
18;Cluster3;Spatial_Error;1.625;-1.399
24;Cluster3;Spatial_Error;1.625;3.237
25;Cluster3;Spatial_Error;1.625;-5.321
31;Cluster3;Spatial_Error;1.625;2.171
35;Cluster3;Spatial_Error;1.625;1.652
36;Cluster3;Spatial_Error;1.625;-15.694
39;Cluster3;Spatial_Error;1.625;5.535
40;Cluster3;Spatial_Error;1.625;15.726
43;Cluster3;Spatial_Error;1.625;-6.548
10;Cluster1;Amplitude;1.684;131.247
14;Cluster1;Amplitude;1.684;112.371
16;Cluster1;Amplitude;1.684;72.297
19;Cluster1;Amplitude;1.684;128.190
20;Cluster1;Amplitude;1.684;205.679
27;Cluster1;Amplitude;1.684;104.668
29;Cluster1;Amplitude;1.684;141.988
37;Cluster1;Amplitude;1.684;93.139
41;Cluster1;Amplitude;1.684;153.540
44;Cluster1;Amplitude;1.684;142.997
50;Cluster1;Amplitude;1.684;123.096
13;Cluster2;Amplitude;1.684;149.315
17;Cluster2;Amplitude;1.684;177.695
21;Cluster2;Amplitude;1.684;202.211
26;Cluster2;Amplitude;1.684;195.090
30;Cluster2;Amplitude;1.684;67.689
32;Cluster2;Amplitude;1.684;295.848
33;Cluster2;Amplitude;1.684;100.565
38;Cluster2;Amplitude;1.684;210.894
42;Cluster2;Amplitude;1.684;88.336
45;Cluster2;Amplitude;1.684;98.782
46;Cluster2;Amplitude;1.684;154.421
11;Cluster3;Amplitude;1.684;198.484
12;Cluster3;Amplitude;1.684;157.104
18;Cluster3;Amplitude;1.684;92.410
24;Cluster3;Amplitude;1.684;240.675
25;Cluster3;Amplitude;1.684;116.003
31;Cluster3;Amplitude;1.684;193.056
35;Cluster3;Amplitude;1.684;123.638
36;Cluster3;Amplitude;1.684;107.806
39;Cluster3;Amplitude;1.684;91.753
40;Cluster3;Amplitude;1.684;139.343
43;Cluster3;Amplitude;1.684;165.083
10;Cluster1;Duration;1.684;0.134
14;Cluster1;Duration;1.684;0.123
16;Cluster1;Duration;1.684;0.072
19;Cluster1;Duration;1.684;0.135
20;Cluster1;Duration;1.684;0.178
27;Cluster1;Duration;1.684;0.118
29;Cluster1;Duration;1.684;0.122
37;Cluster1;Duration;1.684;0.117
41;Cluster1;Duration;1.684;0.127
44;Cluster1;Duration;1.684;0.124
50;Cluster1;Duration;1.684;0.109
13;Cluster2;Duration;1.684;0.137
17;Cluster2;Duration;1.684;0.148
21;Cluster2;Duration;1.684;0.189
26;Cluster2;Duration;1.684;0.197
30;Cluster2;Duration;1.684;0.067
32;Cluster2;Duration;1.684;0.254
33;Cluster2;Duration;1.684;0.085
38;Cluster2;Duration;1.684;0.159
42;Cluster2;Duration;1.684;0.086
45;Cluster2;Duration;1.684;0.144
46;Cluster2;Duration;1.684;0.135
11;Cluster3;Duration;1.684;0.148
12;Cluster3;Duration;1.684;0.171
18;Cluster3;Duration;1.684;0.147
24;Cluster3;Duration;1.684;0.250
25;Cluster3;Duration;1.684;0.113
31;Cluster3;Duration;1.684;0.128
35;Cluster3;Duration;1.684;0.113
36;Cluster3;Duration;1.684;0.130
39;Cluster3;Duration;1.684;0.108
40;Cluster3;Duration;1.684;0.168
43;Cluster3;Duration;1.684;0.155
10;Cluster1;Impact_Speed;1.684;2.286
14;Cluster1;Impact_Speed;1.684;2.400
16;Cluster1;Impact_Speed;1.684;2.435
19;Cluster1;Impact_Speed;1.684;2.406
20;Cluster1;Impact_Speed;1.684;2.559
27;Cluster1;Impact_Speed;1.684;2.345
29;Cluster1;Impact_Speed;1.684;3.133
37;Cluster1;Impact_Speed;1.684;2.493
41;Cluster1;Impact_Speed;1.684;3.163
44;Cluster1;Impact_Speed;1.684;2.923
50;Cluster1;Impact_Speed;1.684;3.214
13;Cluster2;Impact_Speed;1.684;3.427
17;Cluster2;Impact_Speed;1.684;2.197
21;Cluster2;Impact_Speed;1.684;2.099
26;Cluster2;Impact_Speed;1.684;2.544
30;Cluster2;Impact_Speed;1.684;2.554
32;Cluster2;Impact_Speed;1.684;3.118
33;Cluster2;Impact_Speed;1.684;2.689
38;Cluster2;Impact_Speed;1.684;2.918
42;Cluster2;Impact_Speed;1.684;2.510
45;Cluster2;Impact_Speed;1.684;2.240
46;Cluster2;Impact_Speed;1.684;2.725
11;Cluster3;Impact_Speed;1.684;3.472
12;Cluster3;Impact_Speed;1.684;2.708
18;Cluster3;Impact_Speed;1.684;2.037
24;Cluster3;Impact_Speed;1.684;3.169
25;Cluster3;Impact_Speed;1.684;1.778
31;Cluster3;Impact_Speed;1.684;2.986
35;Cluster3;Impact_Speed;1.684;2.870
36;Cluster3;Impact_Speed;1.684;2.138
39;Cluster3;Impact_Speed;1.684;1.893
40;Cluster3;Impact_Speed;1.684;2.222
43;Cluster3;Impact_Speed;1.684;2.732
10;Cluster1;Spatial_Error;1.684;-4.581
14;Cluster1;Spatial_Error;1.684;-1.785
16;Cluster1;Spatial_Error;1.684;-16.499
19;Cluster1;Spatial_Error;1.684;-3.286
20;Cluster1;Spatial_Error;1.684;8.398
27;Cluster1;Spatial_Error;1.684;-9.955
29;Cluster1;Spatial_Error;1.684;-0.205
37;Cluster1;Spatial_Error;1.684;2.625
41;Cluster1;Spatial_Error;1.684;-5.581
44;Cluster1;Spatial_Error;1.684;-2.279
50;Cluster1;Spatial_Error;1.684;-11.693
13;Cluster2;Spatial_Error;1.684;-8.872
17;Cluster2;Spatial_Error;1.684;-12.373
21;Cluster2;Spatial_Error;1.684;8.274
26;Cluster2;Spatial_Error;1.684;-3.442
30;Cluster2;Spatial_Error;1.684;-4.926
32;Cluster2;Spatial_Error;1.684;-8.682
33;Cluster2;Spatial_Error;1.684;4.942
38;Cluster2;Spatial_Error;1.684;-3.069
42;Cluster2;Spatial_Error;1.684;-1.810
45;Cluster2;Spatial_Error;1.684;-4.417
46;Cluster2;Spatial_Error;1.684;-1.402
11;Cluster3;Spatial_Error;1.684;-18.366
12;Cluster3;Spatial_Error;1.684;-18.789
18;Cluster3;Spatial_Error;1.684;-10.599
24;Cluster3;Spatial_Error;1.684;-0.923
25;Cluster3;Spatial_Error;1.684;-9.694
31;Cluster3;Spatial_Error;1.684;1.317
35;Cluster3;Spatial_Error;1.684;-8.832
36;Cluster3;Spatial_Error;1.684;-11.613
39;Cluster3;Spatial_Error;1.684;-4.383
40;Cluster3;Spatial_Error;1.684;-8.243
43;Cluster3;Spatial_Error;1.684;-18.345
10;Cluster1;Amplitude;1.767;129.493
14;Cluster1;Amplitude;1.767;93.825
16;Cluster1;Amplitude;1.767;84.918
19;Cluster1;Amplitude;1.767;115.577
20;Cluster1;Amplitude;1.767;189.384
27;Cluster1;Amplitude;1.767;250.477
29;Cluster1;Amplitude;1.767;188.450
37;Cluster1;Amplitude;1.767;80.188
41;Cluster1;Amplitude;1.767;107.201
44;Cluster1;Amplitude;1.767;132.586
50;Cluster1;Amplitude;1.767;134.953
13;Cluster2;Amplitude;1.767;155.176
17;Cluster2;Amplitude;1.767;117.837
21;Cluster2;Amplitude;1.767;139.832
26;Cluster2;Amplitude;1.767;171.528
30;Cluster2;Amplitude;1.767;62.598
32;Cluster2;Amplitude;1.767;258.608
33;Cluster2;Amplitude;1.767;106.846
38;Cluster2;Amplitude;1.767;168.060
42;Cluster2;Amplitude;1.767;105.977
45;Cluster2;Amplitude;1.767;85.997
46;Cluster2;Amplitude;1.767;130.258
11;Cluster3;Amplitude;1.767;105.189
12;Cluster3;Amplitude;1.767;116.100
18;Cluster3;Amplitude;1.767;99.781
24;Cluster3;Amplitude;1.767;192.196
25;Cluster3;Amplitude;1.767;102.929
31;Cluster3;Amplitude;1.767;272.438
35;Cluster3;Amplitude;1.767;118.228
36;Cluster3;Amplitude;1.767;57.254
39;Cluster3;Amplitude;1.767;75.535
40;Cluster3;Amplitude;1.767;28.588
43;Cluster3;Amplitude;1.767;169.442
10;Cluster1;Duration;1.767;0.113
14;Cluster1;Duration;1.767;0.118
16;Cluster1;Duration;1.767;0.079
19;Cluster1;Duration;1.767;0.136
20;Cluster1;Duration;1.767;0.174
27;Cluster1;Duration;1.767;0.249
29;Cluster1;Duration;1.767;0.190
37;Cluster1;Duration;1.767;0.100
41;Cluster1;Duration;1.767;0.098
44;Cluster1;Duration;1.767;0.160
50;Cluster1;Duration;1.767;0.120
13;Cluster2;Duration;1.767;0.129
17;Cluster2;Duration;1.767;0.131
21;Cluster2;Duration;1.767;0.137
26;Cluster2;Duration;1.767;0.168
30;Cluster2;Duration;1.767;0.069
32;Cluster2;Duration;1.767;0.240
33;Cluster2;Duration;1.767;0.112
38;Cluster2;Duration;1.767;0.156
42;Cluster2;Duration;1.767;0.115
45;Cluster2;Duration;1.767;0.128
46;Cluster2;Duration;1.767;0.107
11;Cluster3;Duration;1.767;0.105
12;Cluster3;Duration;1.767;0.158
18;Cluster3;Duration;1.767;0.151
24;Cluster3;Duration;1.767;0.230
25;Cluster3;Duration;1.767;0.126
31;Cluster3;Duration;1.767;0.177
35;Cluster3;Duration;1.767;0.116
36;Cluster3;Duration;1.767;0.084
39;Cluster3;Duration;1.767;0.092
40;Cluster3;Duration;1.767;0.052
43;Cluster3;Duration;1.767;0.158
10;Cluster1;Impact_Speed;1.767;2.759
14;Cluster1;Impact_Speed;1.767;2.027
16;Cluster1;Impact_Speed;1.767;2.267
19;Cluster1;Impact_Speed;1.767;2.219
20;Cluster1;Impact_Speed;1.767;2.123
27;Cluster1;Impact_Speed;1.767;2.249
29;Cluster1;Impact_Speed;1.767;2.423
37;Cluster1;Impact_Speed;1.767;2.072
41;Cluster1;Impact_Speed;1.767;2.973
44;Cluster1;Impact_Speed;1.767;2.410
50;Cluster1;Impact_Speed;1.767;3.349
13;Cluster2;Impact_Speed;1.767;3.871
17;Cluster2;Impact_Speed;1.767;1.841
21;Cluster2;Impact_Speed;1.767;2.039
26;Cluster2;Impact_Speed;1.767;2.253
30;Cluster2;Impact_Speed;1.767;2.496
32;Cluster2;Impact_Speed;1.767;3.228
33;Cluster2;Impact_Speed;1.767;2.159
38;Cluster2;Impact_Speed;1.767;2.728
42;Cluster2;Impact_Speed;1.767;2.190
45;Cluster2;Impact_Speed;1.767;1.969
46;Cluster2;Impact_Speed;1.767;2.292
11;Cluster3;Impact_Speed;1.767;2.158
12;Cluster3;Impact_Speed;1.767;2.264
18;Cluster3;Impact_Speed;1.767;1.823
24;Cluster3;Impact_Speed;1.767;2.589
25;Cluster3;Impact_Speed;1.767;1.852
31;Cluster3;Impact_Speed;1.767;2.857
35;Cluster3;Impact_Speed;1.767;2.900
36;Cluster3;Impact_Speed;1.767;1.592
39;Cluster3;Impact_Speed;1.767;1.854
40;Cluster3;Impact_Speed;1.767;1.746
43;Cluster3;Impact_Speed;1.767;2.332
10;Cluster1;Spatial_Error;1.767;-1.845
14;Cluster1;Spatial_Error;1.767;7.733
16;Cluster1;Spatial_Error;1.767;-25.056
19;Cluster1;Spatial_Error;1.767;-6.010
20;Cluster1;Spatial_Error;1.767;10.353
27;Cluster1;Spatial_Error;1.767;-1.740
29;Cluster1;Spatial_Error;1.767;-4.801
37;Cluster1;Spatial_Error;1.767;2.593
41;Cluster1;Spatial_Error;1.767;12.425
44;Cluster1;Spatial_Error;1.767;-5.339
50;Cluster1;Spatial_Error;1.767;-1.065
13;Cluster2;Spatial_Error;1.767;-18.218
17;Cluster2;Spatial_Error;1.767;-4.843
21;Cluster2;Spatial_Error;1.767;2.004
26;Cluster2;Spatial_Error;1.767;-14.231
30;Cluster2;Spatial_Error;1.767;-12.525
32;Cluster2;Spatial_Error;1.767;-23.350
33;Cluster2;Spatial_Error;1.767;-0.284
38;Cluster2;Spatial_Error;1.767;-18.667
42;Cluster2;Spatial_Error;1.767;-0.924
45;Cluster2;Spatial_Error;1.767;6.635
46;Cluster2;Spatial_Error;1.767;-0.171
11;Cluster3;Spatial_Error;1.767;-11.678
12;Cluster3;Spatial_Error;1.767;-2.751
18;Cluster3;Spatial_Error;1.767;3.747
24;Cluster3;Spatial_Error;1.767;17.482
25;Cluster3;Spatial_Error;1.767;-11.867
31;Cluster3;Spatial_Error;1.767;3.474
35;Cluster3;Spatial_Error;1.767;-11.758
36;Cluster3;Spatial_Error;1.767;-20.629
39;Cluster3;Spatial_Error;1.767;6.125
40;Cluster3;Spatial_Error;1.767;7.911
43;Cluster3;Spatial_Error;1.767;-13.510
10;Cluster1;Amplitude;1.905;136.170
14;Cluster1;Amplitude;1.905;123.187
16;Cluster1;Amplitude;1.905;81.578
19;Cluster1;Amplitude;1.905;124.529
20;Cluster1;Amplitude;1.905;200.333
27;Cluster1;Amplitude;1.905;104.244
29;Cluster1;Amplitude;1.905;192.417
37;Cluster1;Amplitude;1.905;84.426
41;Cluster1;Amplitude;1.905;135.924
44;Cluster1;Amplitude;1.905;162.437
50;Cluster1;Amplitude;1.905;93.008
13;Cluster2;Amplitude;1.905;131.324
17;Cluster2;Amplitude;1.905;188.374
21;Cluster2;Amplitude;1.905;181.169
26;Cluster2;Amplitude;1.905;176.724
30;Cluster2;Amplitude;1.905;84.919
32;Cluster2;Amplitude;1.905;297.564
33;Cluster2;Amplitude;1.905;157.146
38;Cluster2;Amplitude;1.905;227.995
42;Cluster2;Amplitude;1.905;101.848
45;Cluster2;Amplitude;1.905;94.504
46;Cluster2;Amplitude;1.905;164.485
11;Cluster3;Amplitude;1.905;105.566
12;Cluster3;Amplitude;1.905;146.490
18;Cluster3;Amplitude;1.905;89.664
24;Cluster3;Amplitude;1.905;300.209
25;Cluster3;Amplitude;1.905;99.998
31;Cluster3;Amplitude;1.905;197.292
35;Cluster3;Amplitude;1.905;102.049
36;Cluster3;Amplitude;1.905;146.808
39;Cluster3;Amplitude;1.905;131.567
40;Cluster3;Amplitude;1.905;54.811
43;Cluster3;Amplitude;1.905;195.099
10;Cluster1;Duration;1.905;0.116
14;Cluster1;Duration;1.905;0.123
16;Cluster1;Duration;1.905;0.071
19;Cluster1;Duration;1.905;0.146
20;Cluster1;Duration;1.905;0.158
27;Cluster1;Duration;1.905;0.108
29;Cluster1;Duration;1.905;0.171
37;Cluster1;Duration;1.905;0.096
41;Cluster1;Duration;1.905;0.088
44;Cluster1;Duration;1.905;0.148
50;Cluster1;Duration;1.905;0.091
13;Cluster2;Duration;1.905;0.110
17;Cluster2;Duration;1.905;0.160
21;Cluster2;Duration;1.905;0.167
26;Cluster2;Duration;1.905;0.153
30;Cluster2;Duration;1.905;0.078
32;Cluster2;Duration;1.905;0.246
33;Cluster2;Duration;1.905;0.120
38;Cluster2;Duration;1.905;0.162
42;Cluster2;Duration;1.905;0.086
45;Cluster2;Duration;1.905;0.138
46;Cluster2;Duration;1.905;0.124
11;Cluster3;Duration;1.905;0.092
12;Cluster3;Duration;1.905;0.169
18;Cluster3;Duration;1.905;0.137
24;Cluster3;Duration;1.905;0.251
25;Cluster3;Duration;1.905;0.106
31;Cluster3;Duration;1.905;0.130
35;Cluster3;Duration;1.905;0.097
36;Cluster3;Duration;1.905;0.166
39;Cluster3;Duration;1.905;0.127
40;Cluster3;Duration;1.905;0.061
43;Cluster3;Duration;1.905;0.166
10;Cluster1;Impact_Speed;1.905;2.912
14;Cluster1;Impact_Speed;1.905;2.461
16;Cluster1;Impact_Speed;1.905;2.621
19;Cluster1;Impact_Speed;1.905;2.560
20;Cluster1;Impact_Speed;1.905;2.935
27;Cluster1;Impact_Speed;1.905;2.516
29;Cluster1;Impact_Speed;1.905;2.864
37;Cluster1;Impact_Speed;1.905;2.428
41;Cluster1;Impact_Speed;1.905;3.933
44;Cluster1;Impact_Speed;1.905;2.962
50;Cluster1;Impact_Speed;1.905;3.172
13;Cluster2;Impact_Speed;1.905;3.084
17;Cluster2;Impact_Speed;1.905;2.236
21;Cluster2;Impact_Speed;1.905;2.179
26;Cluster2;Impact_Speed;1.905;2.635
30;Cluster2;Impact_Speed;1.905;2.647
32;Cluster2;Impact_Speed;1.905;3.234
33;Cluster2;Impact_Speed;1.905;2.822
38;Cluster2;Impact_Speed;1.905;2.845
42;Cluster2;Impact_Speed;1.905;2.496
45;Cluster2;Impact_Speed;1.905;2.192
46;Cluster2;Impact_Speed;1.905;3.065
11;Cluster3;Impact_Speed;1.905;2.991
12;Cluster3;Impact_Speed;1.905;2.811
18;Cluster3;Impact_Speed;1.905;1.907
24;Cluster3;Impact_Speed;1.905;3.080
25;Cluster3;Impact_Speed;1.905;1.777
31;Cluster3;Impact_Speed;1.905;3.353
35;Cluster3;Impact_Speed;1.905;2.933
36;Cluster3;Impact_Speed;1.905;2.624
39;Cluster3;Impact_Speed;1.905;2.181
40;Cluster3;Impact_Speed;1.905;2.225
43;Cluster3;Impact_Speed;1.905;3.179
10;Cluster1;Spatial_Error;1.905;-7.969
14;Cluster1;Spatial_Error;1.905;4.793
16;Cluster1;Spatial_Error;1.905;-6.117
19;Cluster1;Spatial_Error;1.905;-9.683
20;Cluster1;Spatial_Error;1.905;14.012
27;Cluster1;Spatial_Error;1.905;-4.976
29;Cluster1;Spatial_Error;1.905;-7.464
37;Cluster1;Spatial_Error;1.905;-4.308
41;Cluster1;Spatial_Error;1.905;2.408
44;Cluster1;Spatial_Error;1.905;-1.879
50;Cluster1;Spatial_Error;1.905;-2.165
13;Cluster2;Spatial_Error;1.905;-7.848
17;Cluster2;Spatial_Error;1.905;-16.992
21;Cluster2;Spatial_Error;1.905;-0.184
26;Cluster2;Spatial_Error;1.905;2.133
30;Cluster2;Spatial_Error;1.905;-28.148
32;Cluster2;Spatial_Error;1.905;-9.906
33;Cluster2;Spatial_Error;1.905;-0.204
38;Cluster2;Spatial_Error;1.905;-12.179
42;Cluster2;Spatial_Error;1.905;-2.535
45;Cluster2;Spatial_Error;1.905;-11.369
46;Cluster2;Spatial_Error;1.905;5.242
11;Cluster3;Spatial_Error;1.905;6.350
12;Cluster3;Spatial_Error;1.905;-14.022
18;Cluster3;Spatial_Error;1.905;-1.226
24;Cluster3;Spatial_Error;1.905;2.694
25;Cluster3;Spatial_Error;1.905;-18.269
31;Cluster3;Spatial_Error;1.905;-13.133
35;Cluster3;Spatial_Error;1.905;-7.771
36;Cluster3;Spatial_Error;1.905;-15.204
39;Cluster3;Spatial_Error;1.905;0.533
40;Cluster3;Spatial_Error;1.905;12.806
43;Cluster3;Spatial_Error;1.905;-17.353
10;Cluster1;Amplitude;2.147;130.640
14;Cluster1;Amplitude;2.147;105.849
16;Cluster1;Amplitude;2.147;109.847
19;Cluster1;Amplitude;2.147;152.488
20;Cluster1;Amplitude;2.147;228.818
27;Cluster1;Amplitude;2.147;129.239
29;Cluster1;Amplitude;2.147;172.550
37;Cluster1;Amplitude;2.147;100.359
41;Cluster1;Amplitude;2.147;103.496
44;Cluster1;Amplitude;2.147;149.276
50;Cluster1;Amplitude;2.147;114.219
13;Cluster2;Amplitude;2.147;247.380
17;Cluster2;Amplitude;2.147;184.890
21;Cluster2;Amplitude;2.147;252.977
26;Cluster2;Amplitude;2.147;232.037
30;Cluster2;Amplitude;2.147;93.776
32;Cluster2;Amplitude;2.147;309.761
33;Cluster2;Amplitude;2.147;136.979
38;Cluster2;Amplitude;2.147;285.350
42;Cluster2;Amplitude;2.147;122.328
45;Cluster2;Amplitude;2.147;116.393
46;Cluster2;Amplitude;2.147;192.727
11;Cluster3;Amplitude;2.147;158.039
12;Cluster3;Amplitude;2.147;175.416
18;Cluster3;Amplitude;2.147;156.855
24;Cluster3;Amplitude;2.147;312.281
25;Cluster3;Amplitude;2.147;130.880
31;Cluster3;Amplitude;2.147;303.390
35;Cluster3;Amplitude;2.147;144.704
36;Cluster3;Amplitude;2.147;103.862
39;Cluster3;Amplitude;2.147;124.592
40;Cluster3;Amplitude;2.147;110.997
43;Cluster3;Amplitude;2.147;240.719
10;Cluster1;Duration;2.147;0.110
14;Cluster1;Duration;2.147;0.096
16;Cluster1;Duration;2.147;0.077
19;Cluster1;Duration;2.147;0.128
20;Cluster1;Duration;2.147;0.146
27;Cluster1;Duration;2.147;0.132
29;Cluster1;Duration;2.147;0.138
37;Cluster1;Duration;2.147;0.096
41;Cluster1;Duration;2.147;0.070
44;Cluster1;Duration;2.147;0.121
50;Cluster1;Duration;2.147;0.091
13;Cluster2;Duration;2.147;0.156
17;Cluster2;Duration;2.147;0.144
21;Cluster2;Duration;2.147;0.174
26;Cluster2;Duration;2.147;0.211
30;Cluster2;Duration;2.147;0.074
32;Cluster2;Duration;2.147;0.240
33;Cluster2;Duration;2.147;0.112
38;Cluster2;Duration;2.147;0.152
42;Cluster2;Duration;2.147;0.088
45;Cluster2;Duration;2.147;0.162
46;Cluster2;Duration;2.147;0.142
11;Cluster3;Duration;2.147;0.116
12;Cluster3;Duration;2.147;0.188
18;Cluster3;Duration;2.147;0.207
24;Cluster3;Duration;2.147;0.258
25;Cluster3;Duration;2.147;0.105
31;Cluster3;Duration;2.147;0.178
35;Cluster3;Duration;2.147;0.123
36;Cluster3;Duration;2.147;0.126
39;Cluster3;Duration;2.147;0.122
40;Cluster3;Duration;2.147;0.125
43;Cluster3;Duration;2.147;0.177
10;Cluster1;Impact_Speed;2.147;2.884
14;Cluster1;Impact_Speed;2.147;2.723
16;Cluster1;Impact_Speed;2.147;3.186
19;Cluster1;Impact_Speed;2.147;2.828
20;Cluster1;Impact_Speed;2.147;2.906
27;Cluster1;Impact_Speed;2.147;2.880
29;Cluster1;Impact_Speed;2.147;3.125
37;Cluster1;Impact_Speed;2.147;2.747
41;Cluster1;Impact_Speed;2.147;3.585
44;Cluster1;Impact_Speed;2.147;3.184
50;Cluster1;Impact_Speed;2.147;3.356
13;Cluster2;Impact_Speed;2.147;4.499
17;Cluster2;Impact_Speed;2.147;2.332
21;Cluster2;Impact_Speed;2.147;2.554
26;Cluster2;Impact_Speed;2.147;3.031
30;Cluster2;Impact_Speed;2.147;2.832
32;Cluster2;Impact_Speed;2.147;3.789
33;Cluster2;Impact_Speed;2.147;2.700
38;Cluster2;Impact_Speed;2.147;3.730
42;Cluster2;Impact_Speed;2.147;2.695
45;Cluster2;Impact_Speed;2.147;2.473
46;Cluster2;Impact_Speed;2.147;2.970
11;Cluster3;Impact_Speed;2.147;2.784
12;Cluster3;Impact_Speed;2.147;3.224
18;Cluster3;Impact_Speed;2.147;2.336
24;Cluster3;Impact_Speed;2.147;3.862
25;Cluster3;Impact_Speed;2.147;2.243
31;Cluster3;Impact_Speed;2.147;3.817
35;Cluster3;Impact_Speed;2.147;3.048
36;Cluster3;Impact_Speed;2.147;1.883
39;Cluster3;Impact_Speed;2.147;2.276
40;Cluster3;Impact_Speed;2.147;2.222
43;Cluster3;Impact_Speed;2.147;3.225
10;Cluster1;Spatial_Error;2.147;-9.263
14;Cluster1;Spatial_Error;2.147;-7.826
16;Cluster1;Spatial_Error;2.147;-17.916
19;Cluster1;Spatial_Error;2.147;-5.967
20;Cluster1;Spatial_Error;2.147;7.664
27;Cluster1;Spatial_Error;2.147;-13.573
29;Cluster1;Spatial_Error;2.147;-20.846
37;Cluster1;Spatial_Error;2.147;-2.084
41;Cluster1;Spatial_Error;2.147;-1.946
44;Cluster1;Spatial_Error;2.147;-7.163
50;Cluster1;Spatial_Error;2.147;-12.973
13;Cluster2;Spatial_Error;2.147;-36.849
17;Cluster2;Spatial_Error;2.147;-12.194
21;Cluster2;Spatial_Error;2.147;-2.843
26;Cluster2;Spatial_Error;2.147;-6.599
30;Cluster2;Spatial_Error;2.147;-30.571
32;Cluster2;Spatial_Error;2.147;-7.824
33;Cluster2;Spatial_Error;2.147;-2.105
38;Cluster2;Spatial_Error;2.147;-25.441
42;Cluster2;Spatial_Error;2.147;-6.769
45;Cluster2;Spatial_Error;2.147;-8.880
46;Cluster2;Spatial_Error;2.147;0.140
11;Cluster3;Spatial_Error;2.147;-19.165
12;Cluster3;Spatial_Error;2.147;-23.759
18;Cluster3;Spatial_Error;2.147;-8.494
24;Cluster3;Spatial_Error;2.147;-3.738
25;Cluster3;Spatial_Error;2.147;-15.197
31;Cluster3;Spatial_Error;2.147;-9.962
35;Cluster3;Spatial_Error;2.147;-12.493
36;Cluster3;Spatial_Error;2.147;-30.633
39;Cluster3;Spatial_Error;2.147;-9.556
40;Cluster3;Spatial_Error;2.147;-13.504
43;Cluster3;Spatial_Error;2.147;-22.357
10;Cluster1;Amplitude;2.297;149.000
14;Cluster1;Amplitude;2.297;119.592
16;Cluster1;Amplitude;2.297;89.377
19;Cluster1;Amplitude;2.297;145.905
20;Cluster1;Amplitude;2.297;243.013
27;Cluster1;Amplitude;2.297;160.206
29;Cluster1;Amplitude;2.297;179.284
37;Cluster1;Amplitude;2.297;105.575
41;Cluster1;Amplitude;2.297;115.766
44;Cluster1;Amplitude;2.297;142.428
50;Cluster1;Amplitude;2.297;89.185
13;Cluster2;Amplitude;2.297;101.421
17;Cluster2;Amplitude;2.297;184.136
21;Cluster2;Amplitude;2.297;180.459
26;Cluster2;Amplitude;2.297;170.223
30;Cluster2;Amplitude;2.297;111.317
32;Cluster2;Amplitude;2.297;253.412
33;Cluster2;Amplitude;2.297;145.147
38;Cluster2;Amplitude;2.297;226.205
42;Cluster2;Amplitude;2.297;86.447
45;Cluster2;Amplitude;2.297;92.529
46;Cluster2;Amplitude;2.297;209.080
11;Cluster3;Amplitude;2.297;129.243
12;Cluster3;Amplitude;2.297;162.326
18;Cluster3;Amplitude;2.297;118.736
24;Cluster3;Amplitude;2.297;274.909
25;Cluster3;Amplitude;2.297;119.207
31;Cluster3;Amplitude;2.297;239.718
35;Cluster3;Amplitude;2.297;138.238
36;Cluster3;Amplitude;2.297;97.654
39;Cluster3;Amplitude;2.297;145.270
40;Cluster3;Amplitude;2.297;75.669
43;Cluster3;Amplitude;2.297;225.756
10;Cluster1;Duration;2.297;0.106
14;Cluster1;Duration;2.297;0.117
16;Cluster1;Duration;2.297;0.069
19;Cluster1;Duration;2.297;0.128
20;Cluster1;Duration;2.297;0.172
27;Cluster1;Duration;2.297;0.110
29;Cluster1;Duration;2.297;0.138
37;Cluster1;Duration;2.297;0.102
41;Cluster1;Duration;2.297;0.071
44;Cluster1;Duration;2.297;0.118
50;Cluster1;Duration;2.297;0.071
13;Cluster2;Duration;2.297;0.076
17;Cluster2;Duration;2.297;0.134
21;Cluster2;Duration;2.297;0.170
26;Cluster2;Duration;2.297;0.119
30;Cluster2;Duration;2.297;0.085
32;Cluster2;Duration;2.297;0.226
33;Cluster2;Duration;2.297;0.100
38;Cluster2;Duration;2.297;0.149
42;Cluster2;Duration;2.297;0.074
45;Cluster2;Duration;2.297;0.124
46;Cluster2;Duration;2.297;0.138
11;Cluster3;Duration;2.297;0.103
12;Cluster3;Duration;2.297;0.166
18;Cluster3;Duration;2.297;0.163
24;Cluster3;Duration;2.297;0.352
25;Cluster3;Duration;2.297;0.114
31;Cluster3;Duration;2.297;0.134
35;Cluster3;Duration;2.297;0.130
36;Cluster3;Duration;2.297;0.125
39;Cluster3;Duration;2.297;0.128
40;Cluster3;Duration;2.297;0.080
43;Cluster3;Duration;2.297;0.169
10;Cluster1;Impact_Speed;2.297;3.407
14;Cluster1;Impact_Speed;2.297;2.672
16;Cluster1;Impact_Speed;2.297;2.870
19;Cluster1;Impact_Speed;2.297;2.838
20;Cluster1;Impact_Speed;2.297;2.672
27;Cluster1;Impact_Speed;2.297;3.357
29;Cluster1;Impact_Speed;2.297;3.107
37;Cluster1;Impact_Speed;2.297;2.554
41;Cluster1;Impact_Speed;2.297;3.793
44;Cluster1;Impact_Speed;2.297;3.192
50;Cluster1;Impact_Speed;2.297;3.319
13;Cluster2;Impact_Speed;2.297;3.519
17;Cluster2;Impact_Speed;2.297;2.574
21;Cluster2;Impact_Speed;2.297;2.465
26;Cluster2;Impact_Speed;2.297;3.248
30;Cluster2;Impact_Speed;2.297;3.444
32;Cluster2;Impact_Speed;2.297;3.124
33;Cluster2;Impact_Speed;2.297;3.025
38;Cluster2;Impact_Speed;2.297;3.206
42;Cluster2;Impact_Speed;2.297;2.690
45;Cluster2;Impact_Speed;2.297;2.240
46;Cluster2;Impact_Speed;2.297;3.348
11;Cluster3;Impact_Speed;2.297;3.139
12;Cluster3;Impact_Speed;2.297;3.114
18;Cluster3;Impact_Speed;2.297;2.256
24;Cluster3;Impact_Speed;2.297;3.381
25;Cluster3;Impact_Speed;2.297;1.958
31;Cluster3;Impact_Speed;2.297;3.762
35;Cluster3;Impact_Speed;2.297;3.144
36;Cluster3;Impact_Speed;2.297;2.104
39;Cluster3;Impact_Speed;2.297;2.290
40;Cluster3;Impact_Speed;2.297;2.377
43;Cluster3;Impact_Speed;2.297;3.986
10;Cluster1;Spatial_Error;2.297;-15.015
14;Cluster1;Spatial_Error;2.297;-4.732
16;Cluster1;Spatial_Error;2.297;-10.574
19;Cluster1;Spatial_Error;2.297;-2.597
20;Cluster1;Spatial_Error;2.297;4.079
27;Cluster1;Spatial_Error;2.297;1.520
29;Cluster1;Spatial_Error;2.297;-16.753
37;Cluster1;Spatial_Error;2.297;-1.774
41;Cluster1;Spatial_Error;2.297;16.850
44;Cluster1;Spatial_Error;2.297;-8.555
50;Cluster1;Spatial_Error;2.297;-8.507
13;Cluster2;Spatial_Error;2.297;-23.038
17;Cluster2;Spatial_Error;2.297;-13.439
21;Cluster2;Spatial_Error;2.297;-4.643
26;Cluster2;Spatial_Error;2.297;-11.999
30;Cluster2;Spatial_Error;2.297;-10.549
32;Cluster2;Spatial_Error;2.297;-27.309
33;Cluster2;Spatial_Error;2.297;-2.552
38;Cluster2;Spatial_Error;2.297;-17.875
42;Cluster2;Spatial_Error;2.297;-9.362
45;Cluster2;Spatial_Error;2.297;-11.438
46;Cluster2;Spatial_Error;2.297;-13.000
11;Cluster3;Spatial_Error;2.297;-15.376
12;Cluster3;Spatial_Error;2.297;-26.173
18;Cluster3;Spatial_Error;2.297;-8.645
24;Cluster3;Spatial_Error;2.297;-8.326
25;Cluster3;Spatial_Error;2.297;-28.650
31;Cluster3;Spatial_Error;2.297;-16.829
35;Cluster3;Spatial_Error;2.297;-11.067
36;Cluster3;Spatial_Error;2.297;-14.635
39;Cluster3;Spatial_Error;2.297;-5.681
40;Cluster3;Spatial_Error;2.297;-12.791
43;Cluster3;Spatial_Error;2.297;-19.208
10;Cluster1;Amplitude;2.499;144.254
14;Cluster1;Amplitude;2.499;129.832
16;Cluster1;Amplitude;2.499;101.237
19;Cluster1;Amplitude;2.499;139.994
20;Cluster1;Amplitude;2.499;240.013
27;Cluster1;Amplitude;2.499;119.805
29;Cluster1;Amplitude;2.499;158.920
37;Cluster1;Amplitude;2.499;110.124
41;Cluster1;Amplitude;2.499;112.851
44;Cluster1;Amplitude;2.499;146.005
50;Cluster1;Amplitude;2.499;119.256
13;Cluster2;Amplitude;2.499;160.958
17;Cluster2;Amplitude;2.499;200.412
21;Cluster2;Amplitude;2.499;221.787
26;Cluster2;Amplitude;2.499;250.593
30;Cluster2;Amplitude;2.499;89.359
32;Cluster2;Amplitude;2.499;228.169
33;Cluster2;Amplitude;2.499;133.528
38;Cluster2;Amplitude;2.499;309.448
42;Cluster2;Amplitude;2.499;138.150
45;Cluster2;Amplitude;2.499;128.856
46;Cluster2;Amplitude;2.499;209.001
11;Cluster3;Amplitude;2.499;108.420
12;Cluster3;Amplitude;2.499;190.610
18;Cluster3;Amplitude;2.499;160.504
24;Cluster3;Amplitude;2.499;256.210
25;Cluster3;Amplitude;2.499;163.061
31;Cluster3;Amplitude;2.499;343.091
35;Cluster3;Amplitude;2.499;139.248
36;Cluster3;Amplitude;2.499;93.655
39;Cluster3;Amplitude;2.499;114.760
40;Cluster3;Amplitude;2.499;128.972
43;Cluster3;Amplitude;2.499;224.705
10;Cluster1;Duration;2.499;0.114
14;Cluster1;Duration;2.499;0.117
16;Cluster1;Duration;2.499;0.066
19;Cluster1;Duration;2.499;0.122
20;Cluster1;Duration;2.499;0.156
27;Cluster1;Duration;2.499;0.104
29;Cluster1;Duration;2.499;0.124
37;Cluster1;Duration;2.499;0.092
41;Cluster1;Duration;2.499;0.088
44;Cluster1;Duration;2.499;0.122
50;Cluster1;Duration;2.499;0.088
13;Cluster2;Duration;2.499;0.102
17;Cluster2;Duration;2.499;0.142
21;Cluster2;Duration;2.499;0.172
26;Cluster2;Duration;2.499;0.188
30;Cluster2;Duration;2.499;0.074
32;Cluster2;Duration;2.499;0.202
33;Cluster2;Duration;2.499;0.104
38;Cluster2;Duration;2.499;0.158
42;Cluster2;Duration;2.499;0.093
45;Cluster2;Duration;2.499;0.160
46;Cluster2;Duration;2.499;0.116
11;Cluster3;Duration;2.499;0.105
12;Cluster3;Duration;2.499;0.181
18;Cluster3;Duration;2.499;0.218
24;Cluster3;Duration;2.499;0.228
25;Cluster3;Duration;2.499;0.121
31;Cluster3;Duration;2.499;0.181
35;Cluster3;Duration;2.499;0.113
36;Cluster3;Duration;2.499;0.097
39;Cluster3;Duration;2.499;0.115
40;Cluster3;Duration;2.499;0.113
43;Cluster3;Duration;2.499;0.176
10;Cluster1;Impact_Speed;2.499;3.170
14;Cluster1;Impact_Speed;2.499;2.836
16;Cluster1;Impact_Speed;2.499;3.212
19;Cluster1;Impact_Speed;2.499;2.894
20;Cluster1;Impact_Speed;2.499;3.199
27;Cluster1;Impact_Speed;2.499;3.134
29;Cluster1;Impact_Speed;2.499;3.605
37;Cluster1;Impact_Speed;2.499;2.952
41;Cluster1;Impact_Speed;2.499;3.605
44;Cluster1;Impact_Speed;2.499;3.397
50;Cluster1;Impact_Speed;2.499;3.331
13;Cluster2;Impact_Speed;2.499;4.356
17;Cluster2;Impact_Speed;2.499;2.511
21;Cluster2;Impact_Speed;2.499;2.687
26;Cluster2;Impact_Speed;2.499;3.085
30;Cluster2;Impact_Speed;2.499;3.038
32;Cluster2;Impact_Speed;2.499;3.525
33;Cluster2;Impact_Speed;2.499;2.846
38;Cluster2;Impact_Speed;2.499;3.819
42;Cluster2;Impact_Speed;2.499;3.163
45;Cluster2;Impact_Speed;2.499;2.544
46;Cluster2;Impact_Speed;2.499;3.924
11;Cluster3;Impact_Speed;2.499;2.593
12;Cluster3;Impact_Speed;2.499;3.438
18;Cluster3;Impact_Speed;2.499;2.391
24;Cluster3;Impact_Speed;2.499;3.060
25;Cluster3;Impact_Speed;2.499;2.363
31;Cluster3;Impact_Speed;2.499;3.664
35;Cluster3;Impact_Speed;2.499;3.253
36;Cluster3;Impact_Speed;2.499;2.520
39;Cluster3;Impact_Speed;2.499;2.305
40;Cluster3;Impact_Speed;2.499;2.533
43;Cluster3;Impact_Speed;2.499;3.074
10;Cluster1;Spatial_Error;2.499;-14.506
14;Cluster1;Spatial_Error;2.499;-14.613
16;Cluster1;Spatial_Error;2.499;-9.403
19;Cluster1;Spatial_Error;2.499;-0.528
20;Cluster1;Spatial_Error;2.499;2.947
27;Cluster1;Spatial_Error;2.499;-8.478
29;Cluster1;Spatial_Error;2.499;-17.611
37;Cluster1;Spatial_Error;2.499;-0.943
41;Cluster1;Spatial_Error;2.499;1.589
44;Cluster1;Spatial_Error;2.499;5.158
50;Cluster1;Spatial_Error;2.499;-15.397
13;Cluster2;Spatial_Error;2.499;-19.516
17;Cluster2;Spatial_Error;2.499;-18.346
21;Cluster2;Spatial_Error;2.499;-1.410
26;Cluster2;Spatial_Error;2.499;-13.165
30;Cluster2;Spatial_Error;2.499;-44.386
32;Cluster2;Spatial_Error;2.499;-15.349
33;Cluster2;Spatial_Error;2.499;-8.839
38;Cluster2;Spatial_Error;2.499;-27.835
42;Cluster2;Spatial_Error;2.499;-3.464
45;Cluster2;Spatial_Error;2.499;-15.339
46;Cluster2;Spatial_Error;2.499;-9.406
11;Cluster3;Spatial_Error;2.499;-2.558
12;Cluster3;Spatial_Error;2.499;-35.182
18;Cluster3;Spatial_Error;2.499;-6.279
24;Cluster3;Spatial_Error;2.499;-8.692
25;Cluster3;Spatial_Error;2.499;-27.912
31;Cluster3;Spatial_Error;2.499;-14.246
35;Cluster3;Spatial_Error;2.499;-17.118
36;Cluster3;Spatial_Error;2.499;-28.099
39;Cluster3;Spatial_Error;2.499;-5.234
40;Cluster3;Spatial_Error;2.499;-25.557
43;Cluster3;Spatial_Error;2.499;-29.967
