Sujet;ST_M;Target;Material;Slope;Trial;Duration;Amplitude;Impact_Speed
13;N;25;alu;0;1;0,068;162,3408508;2,88427397
13;N;25;alu;0;2;0,128;237,2769082;3,45773176
13;N;25;alu;0;3;0,192;214,8129029;2,831279802
13;N;25;alu;0;4;0,136;247,3537736;3,755115045
13;N;25;alu;0;5;0,112;195,0377791;2,837686831
13;N;25;alu;0;6;0,16;212,5880126;3,267854285
13;N;25;alu;0;7;0,148;207,5204248;3,010364269
13;N;25;alu;0;8;0,136;189,3093443;2,303195711
13;N;25;alu;0;9;0,148;235,5218223;3,031669086
13;N;25;alu;0;10;0,148;209,0511837;2,895780451
13;N;25;alu;m10;1;0,156;191,7680727;2,45116836
13;N;25;alu;m10;2;0,112;166,21869;2,138349739
13;N;25;alu;m10;3;0,14;179,7550602;2,374441543
13;N;25;alu;m10;4;0,16;178,9201663;2,237265147
13;N;25;alu;m10;5;0,172;173,3155846;2,264621864
13;N;25;alu;m10;6;0,168;163,3652091;2,297861313
13;N;25;alu;m10;7;0,168;171,1090119;2,182545083
13;N;25;alu;m10;8;0,116;158,830698;2,069912702
13;N;25;alu;m10;9;0,14;171,4173458;2,229867898
13;N;25;alu;m10;10;0,116;171,0278096;2,144798705
13;N;25;alu;p10;1;0,184;156,71238;2,345184228
13;N;25;alu;p10;2;0,088;210,0818122;3,230252653
13;N;25;alu;p10;3;0,172;249,7789035;3,578744079
13;N;25;alu;p10;4;0,112;209,1825361;3,184868239
13;N;25;alu;p10;5;0,112;190,8924866;2,762143537
13;N;25;alu;p10;6;0,104;194,5254331;3,279667758
13;N;25;alu;p10;7;0,072;172,7411277;2,913179171
13;N;25;alu;p10;8;0,084;172,3535754;2,360215971
13;N;25;alu;p10;9;0,18;218,3886666;2,848222066
13;N;25;alu;p10;10;0,128;211,5419801;2,94618294
13;N;25;balsa;0;1;0,06;91,26222501;0,601545206
13;N;25;balsa;0;2;0,06;102,3835832;1,089813962
13;N;25;balsa;0;3;0,068;115,8239949;1,553939003
13;N;25;balsa;0;4;0,072;120,4150483;1,863390621
13;N;25;balsa;0;5;0,1;145,7593436;2,32641101
13;N;25;balsa;0;6;0,1;200,5481713;3,625168316
13;N;25;balsa;0;7;0,108;243,2821534;3,88899092
13;N;25;balsa;0;8;0,1;240,0619264;4,095755268
13;N;25;balsa;0;9;0,104;224,1865963;4,330574148
13;N;25;balsa;0;10;0,108;227,4217268;4,03494354
13;N;25;balsa;m10;1;0,128;177,7729392;2,469051476
13;N;25;balsa;m10;2;0,152;204,258004;2,53987301
13;N;25;balsa;m10;3;0,152;192,4986653;2,241273093
13;N;25;balsa;m10;4;0,14;177,8854847;2,210850045
13;N;25;balsa;m10;5;0,12;165,9476258;2,240060945
13;N;25;balsa;m10;6;0,148;198,618076;2,57560947
13;N;25;balsa;m10;7;0,144;183,0667072;2,323771281
13;N;25;balsa;m10;8;0,128;203,2054456;2,84280845
13;N;25;balsa;m10;9;0,156;184,5705541;2,519331796
13;N;25;balsa;m10;10;0,156;188,8906527;2,620293967
13;N;25;balsa;p10;1;0,08;172,0427446;2,945455719
13;N;25;balsa;p10;2;0,076;177,9674896;3,225444395
13;N;25;balsa;p10;3;0,12;215,7263564;3,639069773
13;N;25;balsa;p10;4;0,088;214,735593;3,681199039
13;N;25;balsa;p10;5;0,116;249,9455329;4,661483169
13;N;25;balsa;p10;6;0,168;233,0577274;3,426689864
13;N;25;balsa;p10;7;0,14;278,8172736;4,370258789
13;N;25;balsa;p10;8;0,168;262,855777;3,909017735
13;N;25;balsa;p10;9;0,156;285,1752604;4,511794649
13;N;25;balsa;p10;10;0,176;284,271033;4,34158022
13;N;50;alu;0;1;0,096;231,7628373;4,004167485
13;N;50;alu;0;2;0,1;204,431444;3,396447795
13;N;50;alu;0;3;0,124;226,8988648;2,847236257
13;N;50;alu;0;4;0,112;197,0200897;3,238259284
13;N;50;alu;0;5;0,096;211,0158253;3,078613429
13;N;50;alu;0;6;0,104;187,2916058;2,592087634
13;N;50;alu;0;7;0,116;207,3196724;3,0324706
13;N;50;alu;0;8;0,108;213,0928533;3,296880479
13;N;50;alu;0;9;0,108;191,0504462;2,343146763
13;N;50;alu;0;10;0,14;223,1594496;3,007984801
13;N;50;alu;m10;1;0,108;186,8841618;2,92472996
13;N;50;alu;m10;2;0,128;190,2459843;2,832440538
13;N;50;alu;m10;3;0,096;168,9341312;2,659998151
13;N;50;alu;m10;4;0,108;190,9026904;2,717824783
13;N;50;alu;m10;5;0,1;173,6003368;2,532616357
13;N;50;alu;m10;6;0,112;200,9404341;2,852668586
13;N;50;alu;m10;7;0,12;195,5225888;2,718239929
13;N;50;alu;m10;8;0,116;171,9149855;2,289632235
13;N;50;alu;m10;9;0,116;179,9594774;2,712314818
13;N;50;alu;m10;10;0,136;203,7678247;2,874072035
13;N;50;alu;p10;1;0,08;165,0092841;3,135541775
13;N;50;alu;p10;2;0,08;189,999258;3,55479989
13;N;50;alu;p10;3;0,076;180,7431628;3,501993698
13;N;50;alu;p10;4;0,088;201,1035875;3,876237641
13;N;50;alu;p10;5;0,084;155,2311245;3,117758479
13;N;50;alu;p10;6;0,064;160,0300955;3,262945967
13;N;50;alu;p10;7;0,068;184,9880858;3,995585691
13;N;50;alu;p10;8;0,056;172,6791499;3,940220946
13;N;50;alu;p10;9;0,064;173,6808747;3,060884772
13;N;50;alu;p10;10;0,096;211,728852;3,742452132
13;N;50;balsa;0;1;0,096;250,6028951;3,972455858
13;N;50;balsa;0;2;0,136;315,6295463;4,542304391
13;N;50;balsa;0;3;0,172;329,1887462;4,483935045
13;N;50;balsa;0;4;0,156;339,3508954;4,90388043
13;N;50;balsa;0;5;0,156;316,4811428;4,053342142
13;N;50;balsa;0;6;0,176;399,562949;5,289352088
13;N;50;balsa;0;7;0,152;332,4007497;4,063154625
13;N;50;balsa;0;8;0,168;326,3938955;4,255525684
13;N;50;balsa;0;9;0,18;325,8110367;4,616849302
13;N;50;balsa;0;10;0,168;349,2494877;4,811666136
13;N;50;balsa;m10;1;0,116;210,7712433;3,245080056
13;N;50;balsa;m10;2;0,12;235,939327;4,167716587
13;N;50;balsa;m10;3;0,16;219,1269814;3,068120903
13;N;50;balsa;m10;4;0,168;262,2895017;2,890882587
13;N;50;balsa;m10;5;0,144;237,7808638;3,298857591
13;N;50;balsa;m10;6;0,124;216,2113338;3,433406716
13;N;50;balsa;m10;7;0,116;206,6789093;3,383671036
13;N;50;balsa;m10;8;0,116;234,3962266;3,55150762
13;N;50;balsa;m10;9;0,148;237,3160679;3,330344884
13;N;50;balsa;m10;10;0,156;256,3889997;3,903916334
13;N;50;balsa;p10;1;0,104;241,4940708;4,81525061
13;N;50;balsa;p10;2;0,096;271,912802;5,406488674
13;N;50;balsa;p10;3;0,104;265,2867586;4,391671533
13;N;50;balsa;p10;4;0,144;298,2860701;4,958786017
13;N;50;balsa;p10;5;0,12;220,3440995;3,45953731
13;N;50;balsa;p10;6;0,08;226,1463985;4,317884017
13;N;50;balsa;p10;7;0,096;220,2587359;4,078699025
13;N;50;balsa;p10;8;0,108;245,04485;3,524194199
13;N;50;balsa;p10;9;0,096;242,5560066;4,582232769
13;N;50;balsa;p10;10;0,072;202,8469166;4,02040653
17;N;25;alu;0;1;0,16;147,7429611;1,433407033
17;N;25;alu;0;2;0,124;177,4245598;2,468511462
17;N;25;alu;0;3;0,136;173,3500921;1,824628094
17;N;25;alu;0;4;0,16;203,6501059;1,212936036
17;N;25;alu;0;5;0,136;185,7680581;1,658377139
17;N;25;alu;0;6;0,128;198,6566939;1,898991373
17;N;25;alu;0;7;0,136;195,6252326;1,62870839
17;N;25;alu;0;8;0,124;182,55066;1,813217017
17;N;25;alu;0;9;0,16;198,0018637;1,864148824
17;N;25;alu;0;10;0,136;175,8887019;1,597689877
17;N;25;alu;m10;1;0,168;157,5228051;1,126178118
17;N;25;alu;m10;2;0,124;138,7389311;1,169846518
17;N;25;alu;m10;3;0,144;169,3118095;1,331055029
17;N;25;alu;m10;4;0,144;171,82831;1,098958099
17;N;25;alu;m10;5;0,148;170,0859704;1,285987293
17;N;25;alu;m10;6;0,124;149,8153645;1,485547984
17;N;25;alu;m10;7;0,136;169,1504549;1,67408092
17;N;25;alu;m10;8;0,148;188,3637486;1,494726451
17;N;25;alu;m10;9;0,144;160,0568068;1,450843121
17;N;25;alu;m10;10;0,152;150,7808892;1,405530772
17;N;25;alu;p10;1;0,164;174,5985833;1,820314073
17;N;25;alu;p10;2;0,132;203,6455285;2,250095296
17;N;25;alu;p10;3;0,136;215,0517326;2,135780073
17;N;25;alu;p10;4;0,116;171,7094642;2,10169057
17;N;25;alu;p10;5;0,14;185,0613058;1,705661646
17;N;25;alu;p10;6;0,124;192,1437277;1,894018252
17;N;25;alu;p10;7;0,132;209,0099326;2,234438957
17;N;25;alu;p10;8;0,108;200,754035;2,06679976
17;N;25;alu;p10;9;0,136;194,3263804;2,031880164
17;N;25;alu;p10;10;0,152;189,2099159;1,613305507
17;N;25;balsa;0;1;0,132;141,8407084;1,395936379
17;N;25;balsa;0;2;0,096;155,3009048;1,947961708
17;N;25;balsa;0;3;0,112;188,7605656;1,723141975
17;N;25;balsa;0;4;0,132;197,4842908;1,627789169
17;N;25;balsa;0;5;0,116;168,5217612;1,674909778
17;N;25;balsa;0;6;0,124;170,9297795;1,63507264
17;N;25;balsa;0;7;0,112;184,7490046;1,714689754
17;N;25;balsa;0;8;0,14;184,1212214;1,595182563
17;N;25;balsa;0;9;0,152;211,6185751;2,407362693
17;N;25;balsa;0;10;0,136;184,1782305;1,374386977
17;N;25;balsa;m10;1;0,148;175,6043149;1,413505103
17;N;25;balsa;m10;2;0,136;149,0799037;1,5902602
17;N;25;balsa;m10;3;0,144;165,4391925;1,615245202
17;N;25;balsa;m10;4;0,14;177,7952555;1,505200287
17;N;25;balsa;m10;5;0,136;171,3512165;2,123173821
17;N;25;balsa;m10;6;0,168;174,3714707;1,419440379
17;N;25;balsa;m10;7;0,152;177,6747704;1,345589963
17;N;25;balsa;m10;8;0,148;197,3183448;1,472513901
17;N;25;balsa;m10;9;0,14;178,365272;1,659393752
17;N;25;balsa;m10;10;0,168;196,9205393;1,512183049
17;N;25;balsa;p10;1;0,156;166,9261819;1,386770558
17;N;25;balsa;p10;2;0,124;203,3802411;1,431073312
17;N;25;balsa;p10;3;0,124;192,125994;1,889769017
17;N;25;balsa;p10;4;0,136;194,5836365;2,086027526
17;N;25;balsa;p10;5;0,116;187,9561773;1,973518568
17;N;25;balsa;p10;6;0,14;208,0400322;2,063499862
17;N;25;balsa;p10;7;0,132;192,4025779;1,821897089
17;N;25;balsa;p10;8;0,132;195,8804334;1,837640613
17;N;25;balsa;p10;9;0,116;186,2220678;1,951379676
17;N;25;balsa;p10;10;0,132;198,4330782;1,969767372
17;N;50;alu;0;1;0,184;238,7991213;1,655272924
17;N;50;alu;0;2;0,188;277,2789268;1,931782716
17;N;50;alu;0;3;0,152;258,2843479;2,168113598
17;N;50;alu;0;4;0,18;307,2749973;2,43402312
17;N;50;alu;0;5;0,144;246,2187872;2,506812761
17;N;50;alu;0;6;0,176;283,9532885;2,145342136
17;N;50;alu;0;7;0,144;277,7552025;2,860716
17;N;50;alu;0;8;0,128;217,4298362;2,048342391
17;N;50;alu;0;9;0,16;285,1478044;2,196606625
17;N;50;alu;0;10;0,148;289,0297798;2,41310823
17;N;50;alu;m10;1;0,156;215,5656079;2,32830543
17;N;50;alu;m10;2;0,144;210,5651757;2,084061128
17;N;50;alu;m10;3;0,128;208,9211619;2,558946024
17;N;50;alu;m10;4;0,136;209,8934666;2,106379658
17;N;50;alu;m10;5;0,14;202,3106507;2,108578482
17;N;50;alu;m10;6;0,148;223,0486503;2,331465835
17;N;50;alu;m10;7;0,128;230,1852285;2,559259168
17;N;50;alu;m10;8;0,148;225,9836847;2,263318992
17;N;50;alu;m10;9;0,156;239,4794551;1,699139287
17;N;50;alu;m10;10;0,16;255,4954317;2,171587897
17;N;50;alu;p10;1;0,144;257,696382;2,427071726
17;N;50;alu;p10;2;0,128;250,8569982;2,657181707
17;N;50;alu;p10;3;0,14;293,3702463;2,455584659
17;N;50;alu;p10;4;0,152;277,2974663;2,762005431
17;N;50;alu;p10;5;0,112;261,29395;2,518993852
17;N;50;alu;p10;6;0,124;242,6610171;2,622963504
17;N;50;alu;p10;7;0,132;244,0468727;2,655750812
17;N;50;alu;p10;8;0,132;249,4780527;2,100900298
17;N;50;alu;p10;9;0,144;270,0480026;2,887571465
17;N;50;alu;p10;10;0,132;268,7183572;2,647448025
17;N;50;balsa;0;1;0,16;221,8850863;1,976380745
17;N;50;balsa;0;2;0,144;258,6673392;2,334547469
17;N;50;balsa;0;3;0,156;280,6680682;1,942330185
17;N;50;balsa;0;4;0,144;272,8077773;2,609108133
17;N;50;balsa;0;5;0,128;253,4430036;2,306202477
17;N;50;balsa;0;6;0,16;275,492767;2,075160118
17;N;50;balsa;0;7;0,14;274,5352651;2,805849446
17;N;50;balsa;0;8;0,144;271,4829772;2,339934607
17;N;50;balsa;0;9;0,128;251,1990796;2,479712937
17;N;50;balsa;0;10;0,132;259,8515332;2,455470556
17;N;50;balsa;m10;1;0,144;239,0984863;2,103211976
17;N;50;balsa;m10;2;0,132;242,1319488;2,425780702
17;N;50;balsa;m10;3;0,136;235,9240452;2,139450459
17;N;50;balsa;m10;4;0,144;234,6244107;1,924793804
17;N;50;balsa;m10;5;0,14;246,8772314;1,943631329
17;N;50;balsa;m10;6;0,16;263,024577;1,823514215
17;N;50;balsa;m10;7;0,148;256,0845831;2,001175289
17;N;50;balsa;m10;8;0,156;270,633714;2,295253912
17;N;50;balsa;m10;9;0,148;256,5269064;2,688987112
17;N;50;balsa;m10;10;0,168;305,7805174;2,623360661
17;N;50;balsa;p10;1;0,148;264,0345546;2,132894322
17;N;50;balsa;p10;2;0,136;275,7130247;2,623816912
17;N;50;balsa;p10;3;0,16;287,3120312;2,186145238
17;N;50;balsa;p10;4;0,148;292,9325171;2,472475047
17;N;50;balsa;p10;5;0,164;287,9052119;2,610328919
17;N;50;balsa;p10;6;0,136;284,5049076;2,496428142
17;N;50;balsa;p10;7;0,148;287,6489782;2,637820238
17;N;50;balsa;p10;8;0,136;260,8419145;2,698763632
17;N;50;balsa;p10;9;0,128;267,3974679;2,860355797
17;N;50;balsa;p10;10;0,112;244,653259;2,391183364
21;N;25;alu;0;1;0,18;224,2035047;1,546466295
21;N;25;alu;0;2;0,156;203,6418928;1,739908989
21;N;25;alu;0;3;0,172;203,9353634;1,487634604
21;N;25;alu;0;4;0,184;230,2068361;1,356532464
21;N;25;alu;0;5;0,164;226,4548138;1,469160054
21;N;25;alu;0;6;0,156;225,7892374;1,695701145
21;N;25;alu;0;7;0,136;197,9829523;1,767707103
21;N;25;alu;0;8;0,16;211,7270887;1,773366362
21;N;25;alu;0;9;0,18;196,6021735;1,514514491
21;N;25;alu;0;10;0,172;193,9510785;1,410038347
21;N;25;alu;m10;1;0,196;229,4629286;1,69816785
21;N;25;alu;m10;2;0,164;175,2313153;1,706403116
21;N;25;alu;m10;3;0,18;200,7133985;1,113137769
21;N;25;alu;m10;4;0,172;176,7553772;1,189701334
21;N;25;alu;m10;5;0,16;157,1338979;1,25826548
21;N;25;alu;m10;6;0,188;187,2199425;1,244612571
21;N;25;alu;m10;7;0,168;174,995065;1,098899014
21;N;25;alu;m10;8;0,18;199,0532626;1,326942307
21;N;25;alu;m10;9;0,192;203,04704;1,195921167
21;N;25;alu;m10;10;0,16;167,2103914;0,965060299
21;N;25;alu;p10;1;0,176;223,67681;1,544356776
21;N;25;alu;p10;2;0,148;257,2894099;2,305764288
21;N;25;alu;p10;3;0,144;201,8709241;1,862773456
21;N;25;alu;p10;4;0,156;225,7510504;2,28653168
21;N;25;alu;p10;5;0,14;193,5292955;1,776248346
21;N;25;alu;p10;6;0,192;249,3894733;1,656759707
21;N;25;alu;p10;7;0,184;233,1993424;1,517648547
21;N;25;alu;p10;8;0,16;208,5592429;1,694353052
21;N;25;alu;p10;9;0,148;182,5307107;2,064237201
21;N;25;alu;p10;10;0,12;158,1378042;1,408483094
21;N;25;balsa;0;1;0,16;167,1240776;5,140835391
21;N;25;balsa;0;2;0,168;259,4146287;1,952644441
21;N;25;balsa;0;3;0,308;359,4146749;1,55044867
21;N;25;balsa;0;4;0,188;336,3361554;2,251742705
21;N;25;balsa;0;5;0,216;281,3490049;2,7709889
21;N;25;balsa;0;6;0,184;292,3548135;1,962954535
21;N;25;balsa;0;7;0,172;294,7251054;1,733422548
21;N;25;balsa;0;8;0,148;241,3639697;1,726357103
21;N;25;balsa;0;9;0,14;224,7163159;2,253846531
21;N;25;balsa;0;10;0,132;201,1797415;2,028086675
21;N;25;balsa;m10;1;0,14;227,3814882;1,593932218
21;N;25;balsa;m10;2;0,164;229,8735554;1,781812318
21;N;25;balsa;m10;3;0,188;254,2190791;1,454093115
21;N;25;balsa;m10;4;0,172;224,448657;2,052403083
21;N;25;balsa;m10;5;0,136;194,7422051;1,73821092
21;N;25;balsa;m10;6;0,148;215,5047732;1,647883116
21;N;25;balsa;m10;7;0,156;225,3529495;1,909870167
21;N;25;balsa;m10;8;0,172;215,6456898;1,468307786
21;N;25;balsa;m10;9;0,18;233,0635587;1,443453157
21;N;25;balsa;m10;10;0,172;245,0187076;1,818421766
21;N;25;balsa;p10;1;0,156;242,7111378;2,290923068
21;N;25;balsa;p10;2;0,14;226,4898931;2,365196464
21;N;25;balsa;p10;3;0,144;212,8575038;1,714065501
21;N;25;balsa;p10;4;0,112;184,4918893;2,133834065
21;N;25;balsa;p10;5;0,14;201,4607956;1,968511493
21;N;25;balsa;p10;6;0,148;232,3976725;2,20164485
21;N;25;balsa;p10;7;0,128;209,2171906;2,202469004
21;N;25;balsa;p10;8;0,148;199,3267766;1,789043337
21;N;25;balsa;p10;9;0,12;197,9826252;1,925343675
21;N;25;balsa;p10;10;0,136;199,6863628;1,795427483
21;N;50;alu;0;1;0,16;260,4925453;1,926506065
21;N;50;alu;0;2;0,148;260,6949086;2,483609382
21;N;50;alu;0;3;0,168;253,0527094;2,211018208
21;N;50;alu;0;4;0,16;266,292516;1,9719449
21;N;50;alu;0;5;0,16;256,3573186;2,260743576
21;N;50;alu;0;6;0,2;245,2936293;2,016860667
21;N;50;alu;0;7;0,184;281,768641;2,118088372
21;N;50;alu;0;8;0,16;260,8914688;2,593311224
21;N;50;alu;0;9;0,16;232,4913045;1,999369544
21;N;50;alu;0;10;0,168;233,9537119;2,210870612
21;N;50;alu;m10;1;0,204;262,7448971;2,064986849
21;N;50;alu;m10;2;0,176;227,3735594;1,585770373
21;N;50;alu;m10;3;0,156;208,8820243;1,662537557
21;N;50;alu;m10;4;0,164;200,9977126;1,708300345
21;N;50;alu;m10;5;0,172;207,8198116;1,664686152
21;N;50;alu;m10;6;0,164;212,4791101;1,757086883
21;N;50;alu;m10;7;0,208;230,4948331;1,704336653
21;N;50;alu;m10;8;0,176;218,9748246;1,74031343
21;N;50;alu;m10;9;0,128;190,066312;1,485604936
21;N;50;alu;m10;10;0,196;252,5167473;1,873200974
21;N;50;alu;p10;1;0,176;305,4751923;2,485521906
21;N;50;alu;p10;2;0,184;334,8439324;3,187876987
21;N;50;alu;p10;3;0,184;249,5381886;2,506020104
21;N;50;alu;p10;4;0,168;274,6890504;2,571799798
21;N;50;alu;p10;5;0,176;254,4761632;2,260683345
21;N;50;alu;p10;6;0,148;244,9801709;2,44572363
21;N;50;alu;p10;7;0,168;251,6436236;2,300050941
21;N;50;alu;p10;8;0,164;226,1105157;1,985758992
21;N;50;alu;p10;9;0,14;191,0617847;2,355108609
21;N;50;alu;p10;10;0,188;224,2659614;2,556160105
21;N;50;balsa;0;1;0,188;392,5755294;2,862716092
21;N;50;balsa;0;2;0,172;341,6765951;2,3132889
21;N;50;balsa;0;3;0,192;361,8563748;2,714889569
21;N;50;balsa;0;4;0,16;359,842049;2,848303475
21;N;50;balsa;0;5;0,172;339,6555928;2,52475859
21;N;50;balsa;0;6;0,144;304,8706885;2,887989063
21;N;50;balsa;0;7;0,168;266,4574399;2,168945948
21;N;50;balsa;0;8;0,188;326,483632;2,395026817
21;N;50;balsa;0;9;0,18;297,3560922;2,375833521
21;N;50;balsa;0;10;0,18;304,9472705;2,446837533
21;N;50;balsa;m10;1;0,204;295,2728606;2,105958559
21;N;50;balsa;m10;2;0,204;287,4071095;2,268224378
21;N;50;balsa;m10;3;0,176;280,9036734;2,28501948
21;N;50;balsa;m10;4;0,176;264,6907417;2,018159659
21;N;50;balsa;m10;5;0,2;269,1748927;2,072113746
21;N;50;balsa;m10;6;0,208;286,1515048;1,818161457
21;N;50;balsa;m10;7;0,184;275,6460693;2,211630572
21;N;50;balsa;m10;8;0,2;304,5197166;2,092113932
21;N;50;balsa;m10;9;0,172;248,2435685;2,162480317
21;N;50;balsa;m10;10;0,168;247,5314431;1,954738318
21;N;50;balsa;p10;1;0,184;328,0623856;3,034710402
21;N;50;balsa;p10;2;0,168;311,8045833;2,989064886
21;N;50;balsa;p10;3;0,164;311,3893988;2,673930595
21;N;50;balsa;p10;4;0,148;302,0177233;2,955692818
21;N;50;balsa;p10;5;0,156;285,296579;2,822673163
21;N;50;balsa;p10;6;0,224;307,7591364;2,346417512
21;N;50;balsa;p10;7;0,184;274,4658779;2,115398736
21;N;50;balsa;p10;8;0,164;282,5646635;2,537480988
21;N;50;balsa;p10;9;0,168;277,2560749;2,522264889
21;N;50;balsa;p10;10;0,164;265,5669601;2,877364692
26;N;25;alu;0;1;0,12;219,4541029;2,647548134
26;N;25;alu;0;2;0,132;181,7742862;1,85620435
26;N;25;alu;0;3;0,184;213,0852762;2,266818083
26;N;25;alu;0;4;0,2;201,7202416;2,05691629
26;N;25;alu;0;5;0,116;159,8841044;2,313076783
26;N;25;alu;0;6;0,172;184,575861;1,77189879
26;N;25;alu;0;7;0,192;195,353945;1,923227041
26;N;25;alu;0;8;0,12;199,4222929;2,294801643
26;N;25;alu;0;9;0,176;203,5354551;1,967785723
26;N;25;alu;0;10;0,16;202,6225531;2,565838923
26;N;25;alu;m10;1;0,108;141,1111743;1,447126862
26;N;25;alu;m10;2;0,2;181,5846491;1,814091675
26;N;25;alu;m10;3;0,144;140,8426401;1,658640016
26;N;25;alu;m10;4;0,244;169,8391293;1,592170763
26;N;25;alu;m10;5;0,108;158,4717107;1,653025348
26;N;25;alu;m10;6;0,3;216,4665544;1,247147645
26;N;25;alu;m10;7;0,228;181,5122511;1,676125641
26;N;25;alu;m10;8;0,208;186,1819703;1,637313096
26;N;25;alu;m10;9;0,204;195,8829738;1,156890611
26;N;25;alu;m10;10;0,172;191,0730187;1,509887261
26;N;25;alu;p10;1;0,136;153,6676747;2,065224196
26;N;25;alu;p10;2;0,208;171,2662898;2,07821595
26;N;25;alu;p10;3;0,176;210,6358993;2,598086845
26;N;25;alu;p10;4;0,184;233,2993411;2,320469363
26;N;25;alu;p10;5;0,188;233,1474166;2,275365253
26;N;25;alu;p10;6;0,204;209,7549289;2,293171879
26;N;25;alu;p10;7;0,184;204,5666589;2,192368895
26;N;25;alu;p10;8;0,18;218,4009748;2,455787008
26;N;25;alu;p10;9;0,112;161,3617438;1,86004293
26;N;25;alu;p10;10;0,108;169,6296744;2,243356849
26;N;25;balsa;0;1;0,12;148,6031584;1,576529693
26;N;25;balsa;0;2;0,2;216,6796146;2,512794513
26;N;25;balsa;0;3;0,24;300,6144192;2,243194313
26;N;25;balsa;0;4;0,176;338,4799434;3,332661522
26;N;25;balsa;0;5;0,208;304,9648207;2,743470934
26;N;25;balsa;0;6;0,2;306,8360206;2,666280879
26;N;25;balsa;0;7;0,208;311,6893455;2,758016654
26;N;25;balsa;0;8;0,184;309,703188;3,112408268
26;N;25;balsa;0;9;0,272;253,0033628;2,132070993
26;N;25;balsa;0;10;0,212;311,0894892;2,296466474
26;N;25;balsa;m10;1;0,088;108,0467852;1,416408033
26;N;25;balsa;m10;2;0,088;163,7963122;2,066214704
26;N;25;balsa;m10;3;0,204;195,7628208;1,745490975
26;N;25;balsa;m10;4;0,228;269,3876493;2,141878153
26;N;25;balsa;m10;5;0,204;266,5219636;2,330866224
26;N;25;balsa;m10;6;0,16;225,6679598;2,01861416
26;N;25;balsa;m10;7;0,196;253,6654863;2,037688525
26;N;25;balsa;m10;8;0,192;214,7152939;1,926151034
26;N;25;balsa;m10;9;0,176;233,3814465;1,96412325
26;N;25;balsa;m10;10;0,192;244,802262;1,429510529
26;N;25;balsa;p10;1;0,084;160,5667521;2,233298203
26;N;25;balsa;p10;2;0,168;234,3834744;2,304386655
26;N;25;balsa;p10;3;0,192;250,7487688;2,333170486
26;N;25;balsa;p10;4;0,192;244,6853618;2,019836451
26;N;25;balsa;p10;5;0,18;279,7785249;2,425447415
26;N;25;balsa;p10;6;0,172;230,1185636;2,327510454
26;N;25;balsa;p10;7;0,14;229,1679302;2,572550791
26;N;25;balsa;p10;8;0,156;239,5314773;2,226370591
26;N;25;balsa;p10;9;0,192;262,2053629;1,579927283
26;N;25;balsa;p10;10;0,204;291,3509126;2,509834357
26;N;50;alu;0;1;0,172;219,7034908;2,479118656
26;N;50;alu;0;2;0,168;276,5559195;2,727740922
26;N;50;alu;0;3;0,144;267,3448228;2,856076803
26;N;50;alu;0;4;0,152;252,9112977;2,72800656
26;N;50;alu;0;5;0,156;271,9381175;3,192106462
26;N;50;alu;0;6;0,148;238,0840096;2,612984888
26;N;50;alu;0;7;0,188;260,8464995;2,686219739
26;N;50;alu;0;8;0,14;240,9982903;2,283081736
26;N;50;alu;0;9;0,128;227,6234486;2,131049611
26;N;50;alu;0;10;0,132;226,7585885;2,653353305
26;N;50;alu;m10;1;0,144;269,8534336;2,8946619
26;N;50;alu;m10;2;0,172;231,3368119;2,712554305
26;N;50;alu;m10;3;0,192;195,5769674;2,509261884
26;N;50;alu;m10;4;0,124;226,7717452;2,471012166
26;N;50;alu;m10;5;0,172;225,0417411;2,376889275
26;N;50;alu;m10;6;0,216;225,2690549;1,917666734
26;N;50;alu;m10;7;0,156;222,4967419;2,110695843
26;N;50;alu;m10;8;0,216;187,6393983;1,994783058
26;N;50;alu;m10;9;0,184;187,4263742;1,858115158
26;N;50;alu;m10;10;0,164;213,2820075;1,986733624
26;N;50;alu;p10;1;0,108;210,8137573;3,449554684
26;N;50;alu;p10;2;0,092;195,0260526;3,445948799
26;N;50;alu;p10;3;0,096;202,5272411;3,047734133
26;N;50;alu;p10;4;0,112;233,3595658;3,252953609
26;N;50;alu;p10;5;0,108;286,9667919;3,291592179
26;N;50;alu;p10;6;0,132;241,02211;3,299857995
26;N;50;alu;p10;7;0,16;253,0791343;3,101337823
26;N;50;alu;p10;8;0,108;237,3705112;3,027459521
26;N;50;alu;p10;9;0,148;265,9364912;3,351096846
26;N;50;alu;p10;10;0,128;265,4634969;3,210314344
26;N;50;balsa;0;1;0,208;234,3025985;2,553661692
26;N;50;balsa;0;2;0,188;296,606068;3,352097259
26;N;50;balsa;0;3;0,176;278,0183423;3,360710611
26;N;50;balsa;0;4;0,196;340,6074991;3,586927883
26;N;50;balsa;0;5;0,196;319,3838762;3,146446595
26;N;50;balsa;0;6;0,232;319,2574367;2,613351083
26;N;50;balsa;0;7;0,236;340,5566041;3,098392097
26;N;50;balsa;0;8;0,24;316,3958189;2,86111119
26;N;50;balsa;0;9;0,216;299,325259;2,940359572
26;N;50;balsa;0;10;0,224;313,7934126;2,801770735
26;N;50;balsa;m10;1;0,224;248,568082;2,5144839
26;N;50;balsa;m10;2;0,18;274,6631272;2,878791687
26;N;50;balsa;m10;3;0,164;252,5641967;2,56043352
26;N;50;balsa;m10;4;0,204;263,946593;2,945132309
26;N;50;balsa;m10;5;0,18;253,7408843;2,495063073
26;N;50;balsa;m10;6;0,22;319,9068651;2,653262231
26;N;50;balsa;m10;7;0,216;237,609733;1,934184296
26;N;50;balsa;m10;8;0,204;301,5239752;2,642729834
26;N;50;balsa;m10;9;0,2;259,1020818;1,807755213
26;N;50;balsa;m10;10;0,18;278,0194019;3,01034344
26;N;50;balsa;p10;1;0,168;263,155777;3,677997718
26;N;50;balsa;p10;2;0,156;235,3530503;2,970721859
26;N;50;balsa;p10;3;0,2;321,5249043;3,209869065
26;N;50;balsa;p10;4;0,14;285,3928661;2,930973721
26;N;50;balsa;p10;5;0,204;329,1729817;2,937700057
26;N;50;balsa;p10;6;0,204;352,7534744;2,996042446
26;N;50;balsa;p10;7;0,22;350,9278819;3,2677684
26;N;50;balsa;p10;8;0,172;346,0565267;3,267456274
26;N;50;balsa;p10;9;0,204;363,0037728;3,204321537
26;N;50;balsa;p10;10;0,212;319,0710786;2,391778227
30;N;25;alu;0;1;0,056;118,4912048;2,019310938
30;N;25;alu;0;2;0,092;129,701148;1,624936449
30;N;25;alu;0;3;0,072;137,173284;1,999080257
30;N;25;alu;0;4;0,064;156,9565966;2,867056326
30;N;25;alu;0;5;0,076;143,3782388;1,978664895
30;N;25;alu;0;6;0,096;162,625083;2,213068297
30;N;25;alu;0;7;0,084;179,9481308;2,66095521
30;N;25;alu;0;8;0,084;180,7215039;2,362624806
30;N;25;alu;0;9;0,08;170,8074893;2,670796831
30;N;25;alu;0;10;0,08;164,8562954;2,407673361
30;N;25;alu;m10;1;0,06;115,5977977;1,636642238
30;N;25;alu;m10;2;0,092;97,59454389;0,822685147
30;N;25;alu;m10;3;0,056;103,5850369;0,958765703
30;N;25;alu;m10;4;0,064;123,7505058;1,486994387
30;N;25;alu;m10;5;0,068;116,5934499;1,39766621
30;N;25;alu;m10;6;0,076;128,2227238;1,628161924
30;N;25;alu;m10;7;0,096;142,3135276;1,956470337
30;N;25;alu;m10;8;0,064;145,2416766;2,105495576
30;N;25;alu;m10;9;0,084;151,5227956;1,756541855
30;N;25;alu;m10;10;0,088;148,651121;2,12314174
30;N;25;alu;p10;1;0,052;128,1815764;2,037932871
30;N;25;alu;p10;2;0,068;145,4916651;2,228041355
30;N;25;alu;p10;3;0,068;158,185348;2,828208718
30;N;25;alu;p10;4;0,06;160,2637579;2,383606328
30;N;25;alu;p10;5;0,068;159,8683104;2,667584792
30;N;25;alu;p10;6;0,056;154,6011184;2,618551817
30;N;25;alu;p10;7;0,068;155,4568352;2,363584516
30;N;25;alu;p10;8;0,068;174,8542162;2,681236178
30;N;25;alu;p10;9;0,072;171,2701251;2,339110672
30;N;25;alu;p10;10;0,072;177,619816;2,419800483
30;N;25;balsa;0;1;0,072;120,4802633;1,787306531
30;N;25;balsa;0;2;0,068;145,3570228;2,42012591
30;N;25;balsa;0;3;0,056;123,2236366;1,833514664
30;N;25;balsa;0;4;0,06;143,0484475;2,75911694
30;N;25;balsa;0;5;0,068;138,2188481;1,808933026
30;N;25;balsa;0;6;0,088;157,5392121;2,247519344
30;N;25;balsa;0;7;0,064;124,5087198;1,649849454
30;N;25;balsa;0;8;0,052;127,8069342;2,264949129
30;N;25;balsa;0;9;0,072;137,7975464;2,028670485
30;N;25;balsa;0;10;0,06;144,3005685;2,426903058
30;N;25;balsa;m10;1;0,064;131,2845936;1,732757294
30;N;25;balsa;m10;2;0,052;125,9865656;2,375944135
30;N;25;balsa;m10;3;0,108;121,8899728;1,389470523
30;N;25;balsa;m10;4;0,092;121,1654645;1,642049874
30;N;25;balsa;m10;5;0,096;148,2356539;1,612166489
30;N;25;balsa;m10;6;0,072;148,8246291;2,306099765
30;N;25;balsa;m10;7;0,08;144,1787248;2,052345454
30;N;25;balsa;m10;8;0,072;140,9369377;2,278113944
30;N;25;balsa;m10;9;0,064;124,2461305;2,104001688
30;N;25;balsa;m10;10;0,076;138,7053431;2,10398697
30;N;25;balsa;p10;1;0,052;108,8696462;2,320105376
30;N;25;balsa;p10;2;0,064;121,5823616;2,004069099
30;N;25;balsa;p10;3;0,06;131,3327923;1,864373451
30;N;25;balsa;p10;4;0,08;142,5899125;2,073393454
30;N;25;balsa;p10;5;0,076;159,7438854;2,15454861
30;N;25;balsa;p10;6;0,08;149,9975234;2,764639721
30;N;25;balsa;p10;7;0,068;163,9293214;2,946300952
30;N;25;balsa;p10;8;0,076;158,2029642;2,887660952
30;N;25;balsa;p10;9;0,052;149,6817986;3,1820485
30;N;25;balsa;p10;10;0,08;159,735689;2,765043022
30;N;50;alu;0;1;0,064;134,6766971;2,231031337
30;N;50;alu;0;2;0,064;145,2415161;2,15137118
30;N;50;alu;0;3;0,072;163,0335548;2,3580275
30;N;50;alu;0;4;0,08;177,5610725;2,723847619
30;N;50;alu;0;5;0,06;172,0610907;3,354628151
30;N;50;alu;0;6;0,072;180,3979837;2,85710447
30;N;50;alu;0;7;0,108;190,1582851;2,972185692
30;N;50;alu;0;8;0,092;174,0961443;2,477028257
30;N;50;alu;0;9;0,08;163,4531962;2,458386539
30;N;50;alu;0;10;0,084;191,7281032;2,884602168
30;N;50;alu;m10;1;0,072;147,6930421;2,526552991
30;N;50;alu;m10;2;0,072;165,4119661;2,264069599
30;N;50;alu;m10;3;0,072;141,753226;1,897845917
30;N;50;alu;m10;4;0,08;159,425467;2,139074052
30;N;50;alu;m10;5;0,092;179,2399987;2,208728485
30;N;50;alu;m10;6;0,088;171,6082747;2,256537663
30;N;50;alu;m10;7;0,084;174,9480639;2,408045735
30;N;50;alu;m10;8;0,108;189,4701778;2,143172229
30;N;50;alu;m10;9;0,084;175,543994;2,437939555
30;N;50;alu;m10;10;0,108;171,1936534;2,140245325
30;N;50;alu;p10;1;0,052;149,5374638;2,848572452
30;N;50;alu;p10;2;0,072;170,4911455;3,144888016
30;N;50;alu;p10;3;0,088;183,3612636;3,278232568
30;N;50;alu;p10;4;0,092;196,4975298;3,240460606
30;N;50;alu;p10;5;0,096;213,8636283;3,384712894
30;N;50;alu;p10;6;0,108;223,6219136;3,661239726
30;N;50;alu;p10;7;0,1;232,5938086;3,898031946
30;N;50;alu;p10;8;0,064;194,5778445;4,002565087
30;N;50;alu;p10;9;0,088;195,5523035;3,32359171
30;N;50;alu;p10;10;0,088;201,5788352;3,653353314
30;N;50;balsa;0;1;0,056;134,6192509;2,568547744
30;N;50;balsa;0;2;0,076;169,3586235;2,517471765
30;N;50;balsa;0;3;0,072;165,8477685;2,569342329
30;N;50;balsa;0;4;0,096;167,7654136;2,358510704
30;N;50;balsa;0;5;0,104;216,4348842;2,944717607
30;N;50;balsa;0;6;0,08;189,499894;2,860099059
30;N;50;balsa;0;7;0,068;200,1917653;3,170935347
30;N;50;balsa;0;8;0,06;187,5422197;3,405646708
30;N;50;balsa;0;9;0,06;170,528258;3,093409827
30;N;50;balsa;0;10;0,072;175,0940316;2,829834383
30;N;50;balsa;m10;1;0,048;122,6820041;2,583747122
30;N;50;balsa;m10;2;0,076;161,9054466;2,446234211
30;N;50;balsa;m10;3;0,056;126,5638646;1,960115226
30;N;50;balsa;m10;4;0,064;147,7844814;2,916978309
30;N;50;balsa;m10;5;0,068;147,2163898;2,223961604
30;N;50;balsa;m10;6;0,064;154,4073975;2,709141892
30;N;50;balsa;m10;7;0,064;149,6715114;2,487975905
30;N;50;balsa;m10;8;0,064;162,353816;2,622146732
30;N;50;balsa;m10;9;0,088;168,2957713;2,813352801
30;N;50;balsa;m10;10;0,076;170,3225158;2,779697896
30;N;50;balsa;p10;1;0,092;149,8377681;3,115223294
30;N;50;balsa;p10;2;0,056;166,5783814;2,84519541
30;N;50;balsa;p10;3;0,076;170,3354301;2,8425832
30;N;50;balsa;p10;4;0,056;139,5997741;2,315315648
30;N;50;balsa;p10;5;0,068;170,4761595;3,457944952
30;N;50;balsa;p10;6;0,08;192,4311259;3,253180411
30;N;50;balsa;p10;7;0,092;200,6589873;3,442916949
30;N;50;balsa;p10;8;0,084;181,2915257;3,020971356
30;N;50;balsa;p10;9;0,084;178,9851631;2,956111585
30;N;50;balsa;p10;10;0,056;166,1902026;3,134417829
32;N;25;alu;0;1;0,112;133,9961231;1,758247245
32;N;25;alu;0;2;0,168;193,5975502;2,248148244
32;N;25;alu;0;3;0,18;285,7812704;2,650552406
32;N;25;alu;0;4;0,228;260,303577;2,781290363
32;N;25;alu;0;5;0,208;289,6208303;3,163140412
32;N;25;alu;0;6;0,204;279,75999;2,970292797
32;N;25;alu;0;7;0,24;289,6050407;2,989426505
32;N;25;alu;0;8;0,216;279,4040798;2,141145706
32;N;25;alu;0;9;0,228;258,7371232;2,45113805
32;N;25;alu;0;10;0,252;309,4990446;2,617463243
32;N;25;alu;m10;1;0,196;178,7615072;1,973046727
32;N;25;alu;m10;2;0,2;236,6659501;2,182117699
32;N;25;alu;m10;3;0,172;222,5854676;2,008673812
32;N;25;alu;m10;4;0,268;232,5919189;2,070130434
32;N;25;alu;m10;5;0,188;200,8280219;1,756934818
32;N;25;alu;m10;6;0,26;268,7192631;1,818910175
32;N;25;alu;m10;7;0,248;301,8958936;2,334832934
32;N;25;alu;m10;8;0,236;303,3349061;2,183241011
32;N;25;alu;m10;9;0,2;186,2704088;1,41833446
32;N;25;alu;m10;10;0,18;166,1398709;1,807739351
32;N;25;alu;p10;1;0,324;251,7903987;1,593847492
32;N;25;alu;p10;2;0,248;265,7511835;1,89960141
32;N;25;alu;p10;3;0,184;249,4715937;2,804496872
32;N;25;alu;p10;4;0,184;254,595065;2,67706229
32;N;25;alu;p10;5;0,2;295,7911546;2,362748976
32;N;25;alu;p10;6;0,236;219,4684623;2,599077496
32;N;25;alu;p10;7;0,22;222,6805628;2,302350481
32;N;25;alu;p10;8;0,22;252,7560971;2,154204677
32;N;25;alu;p10;9;0,256;293,0890526;2,467194626
32;N;25;alu;p10;10;0,232;272,1962595;2,425997138
32;N;25;balsa;0;1;0,204;236,5166807;2,345964048
32;N;25;balsa;0;2;0,24;265,8810871;2,151400113
32;N;25;balsa;0;3;0,26;297,8932096;2,130300536
32;N;25;balsa;0;4;0,208;331,4585899;2,804740557
32;N;25;balsa;0;5;0,264;315,7615407;3,3387811
32;N;25;balsa;0;6;0,228;277,8155127;2,942971022
32;N;25;balsa;0;7;0,332;292,7812236;2,899879662
32;N;25;balsa;0;8;0,228;350,4932836;3,276605312
32;N;25;balsa;0;9;0,228;309,1264538;2,837772567
32;N;25;balsa;0;10;0,244;285,7826586;3,04775173
32;N;25;balsa;m10;1;0,192;182,2417997;2,35308299
32;N;25;balsa;m10;2;0,248;248,9824467;2,569236884
32;N;25;balsa;m10;3;0,296;272,5997103;1,946392127
32;N;25;balsa;m10;4;0,26;259,5667931;2,301902046
32;N;25;balsa;m10;5;0,2;206,9281002;2,868269395
32;N;25;balsa;m10;6;0,24;238,3490147;2,251179412
32;N;25;balsa;m10;7;0,272;270,109008;2,638314631
32;N;25;balsa;m10;8;0,248;254,6891104;2,30448679
32;N;25;balsa;m10;9;0,268;268,615883;2,56052026
32;N;25;balsa;m10;10;0,3;245,9359303;2,310691101
32;N;25;balsa;p10;1;0,272;244,0719637;3,120548643
32;N;25;balsa;p10;2;0,24;297,2234557;2,60484345
32;N;25;balsa;p10;3;0,244;364,7425674;3,331917607
32;N;25;balsa;p10;4;0,24;331,4212579;3,3836075
32;N;25;balsa;p10;5;0,26;382,7784853;3,197470282
32;N;25;balsa;p10;6;0,228;292,458204;3,209975715
32;N;25;balsa;p10;7;0,272;326,5446172;3,181695772
32;N;25;balsa;p10;8;0,184;276,7481453;3,404587973
32;N;25;balsa;p10;9;0,224;337,8062299;3,469646199
32;N;25;balsa;p10;10;0,24;358,5846641;3,373951273
32;N;50;alu;0;1;0,284;396,9048589;2,85065435
32;N;50;alu;0;2;0,212;316,8327843;2,951354958
32;N;50;alu;0;3;0,244;340,8216091;3,691866376
32;N;50;alu;0;4;0,228;365,8575793;2,971156488
32;N;50;alu;0;5;0,236;349,1350438;3,052314728
32;N;50;alu;0;6;0,18;344,4546579;3,270351283
32;N;50;alu;0;7;0,252;379,238942;2,831758846
32;N;50;alu;0;8;0,292;429,1131797;3,440873708
32;N;50;alu;0;9;0,256;397,7311957;3,765133814
32;N;50;alu;0;10;0,28;404,3415602;3,518459283
32;N;50;alu;m10;1;0,252;268,8908119;2,942973324
32;N;50;alu;m10;2;0,248;315,8531161;3,130410801
32;N;50;alu;m10;3;0,22;239,3106209;2,916976367
32;N;50;alu;m10;4;0,284;319,4045419;3,046139171
32;N;50;alu;m10;5;0,252;328,9451023;3,13946161
32;N;50;alu;m10;6;0,2;272,7503509;2,817413107
32;N;50;alu;m10;7;0,208;253,6169367;2,728122228
32;N;50;alu;m10;8;0,236;273,8294137;2,976284439
32;N;50;alu;m10;9;0,172;256,8193823;3,5966907
32;N;50;alu;m10;10;0,288;294,7700149;3,031698726
32;N;50;alu;p10;1;0,204;228,4608547;2,922217547
32;N;50;alu;p10;2;0,22;263,3125376;2,745679164
32;N;50;alu;p10;3;0,164;271,9623528;2,949757419
32;N;50;alu;p10;4;0,196;281,5047728;2,920030964
32;N;50;alu;p10;5;0,252;364,4810268;2,879578738
32;N;50;alu;p10;6;0,228;304,7738598;3,300938909
32;N;50;alu;p10;7;0,26;372,0743619;3,349832556
32;N;50;alu;p10;8;0,208;333,9942863;3,149272599
32;N;50;alu;p10;9;0,296;405,1941733;3,572623478
32;N;50;alu;p10;10;0,236;363,6100485;3,453979322
32;N;50;balsa;0;1;0,244;275,5464665;2,94288918
32;N;50;balsa;0;2;0,256;335,8571066;3,32200223
32;N;50;balsa;0;3;0,264;368,0399854;3,411314199
32;N;50;balsa;0;4;0,224;426,8546957;4,001956578
32;N;50;balsa;0;5;0,24;419,2725223;4,169809024
32;N;50;balsa;0;6;0,26;436,9232141;4,265865391
32;N;50;balsa;0;7;0,22;393,6055772;4,156761414
32;N;50;balsa;0;8;0,212;338,3033421;4,072163733
32;N;50;balsa;0;9;0,256;432,8219815;3,605531763
32;N;50;balsa;0;10;0,228;369,3078428;3,942821513
32;N;50;balsa;m10;1;0,312;351,0104488;2,988500642
32;N;50;balsa;m10;2;0,224;336,0947683;2,667324639
32;N;50;balsa;m10;3;0,28;410,7127378;3,356516232
32;N;50;balsa;m10;4;0,296;404,6734165;2,599757978
32;N;50;balsa;m10;5;0,24;388,629788;3,794519258
32;N;50;balsa;m10;6;0,276;384,7928697;3,308572436
32;N;50;balsa;m10;7;0,268;454,5214044;3,298655933
32;N;50;balsa;m10;8;0,212;306,0295642;3,315310779
32;N;50;balsa;m10;9;0,196;298,3644734;3,169752546
32;N;50;balsa;m10;10;0,232;320,4908412;2,68333136
32;N;50;balsa;p10;1;0,22;281,2612763;2,866274257
32;N;50;balsa;p10;2;0,232;312,5508768;3,309867074
32;N;50;balsa;p10;3;0,2;310,5279832;3,819859712
32;N;50;balsa;p10;4;0,18;288,9998234;4,078990169
32;N;50;balsa;p10;5;0,188;273,9481723;3,894853155
32;N;50;balsa;p10;6;0,22;291,2054486;3,692926389
32;N;50;balsa;p10;7;0,172;314,5235577;3,558039843
32;N;50;balsa;p10;8;0,208;339,1967578;3,371045928
32;N;50;balsa;p10;9;0,188;304,5773556;3,957806006
32;N;50;balsa;p10;10;0,212;309,0957161;2,703621707
33;N;25;alu;0;1;0,08;111,9174763;1,27392408
33;N;25;alu;0;2;0,1;173,8383881;2,338717111
33;N;25;alu;0;3;0,104;199,48805;2,4147975
33;N;25;alu;0;4;0,136;213,3313328;1,910016972
33;N;25;alu;0;5;0,096;189,3397738;2,826948691
33;N;25;alu;0;6;0,108;194,4972995;2,952850092
33;N;25;alu;0;7;0,088;154,1966358;2,049651055
33;N;25;alu;0;8;0,12;194,7278889;2,340503271
33;N;25;alu;0;9;0,128;196,010361;2,642432374
33;N;25;alu;0;10;0,112;180,5536447;2,852577745
33;N;25;alu;m10;1;0,124;192,4449813;2,158971029
33;N;25;alu;m10;2;0,124;200,381125;2,555119971
33;N;25;alu;m10;3;0,128;191,6695069;2,456606374
33;N;25;alu;m10;4;0,116;185,3515588;2,289316823
33;N;25;alu;m10;5;0,108;170,768767;2,230471814
33;N;25;alu;m10;6;0,128;199,50657;2,413306627
33;N;25;alu;m10;7;0,144;185,4201389;2,089203259
33;N;25;alu;m10;8;0,128;204,302949;2,214388089
33;N;25;alu;m10;9;0,12;167,2890349;1,959665554
33;N;25;alu;m10;10;0,2;270,8235268;2,869425594
33;N;25;alu;p10;1;0,132;208,5517698;2,077408864
33;N;25;alu;p10;2;0,16;244,6252228;3,054681698
33;N;25;alu;p10;3;0,14;199,5655763;2,462832763
33;N;25;alu;p10;4;0,128;204,8883254;2,323495286
33;N;25;alu;p10;5;0,136;216,0861194;2,405313155
33;N;25;alu;p10;6;0,16;249,0142165;2,687288897
33;N;25;alu;p10;7;0,14;240,302138;2,880484058
33;N;25;alu;p10;8;0,16;231,7027346;2,451433713
33;N;25;alu;p10;9;0,156;231,6412713;2,566471279
33;N;25;alu;p10;10;0,18;235,6847813;2,170612982
33;N;25;balsa;0;1;0,124;184,0345235;2,367304259
33;N;25;balsa;0;2;0,12;207,8159753;2,295523193
33;N;25;balsa;0;3;0,108;177,1810314;2,291499167
33;N;25;balsa;0;4;0,104;167,3817155;2,244256888
33;N;25;balsa;0;5;0,1;167,8241553;2,102576639
33;N;25;balsa;0;6;0,096;152,3512428;1,71281461
33;N;25;balsa;0;7;0,132;193,1230991;2,128159409
33;N;25;balsa;0;8;0,104;165,2631062;1,802517787
33;N;25;balsa;0;9;0,104;186,8984595;2,41947337
33;N;25;balsa;0;10;0,112;168,6671613;1,945746663
33;N;25;balsa;m10;1;0,088;138,5309612;1,848137843
33;N;25;balsa;m10;2;0,116;175,580986;2,134820274
33;N;25;balsa;m10;3;0,12;180,1639174;2,23193844
33;N;25;balsa;m10;4;0,088;148,5345289;2,683750754
33;N;25;balsa;m10;5;0,104;176,0315252;2,00653363
33;N;25;balsa;m10;6;0,124;202,6811322;2,297397689
33;N;25;balsa;m10;7;0,112;201,7375736;2,35097142
33;N;25;balsa;m10;8;0,096;160,7000403;2,025291693
33;N;25;balsa;m10;9;0,104;155,3356289;2,049175566
33;N;25;balsa;m10;10;0,12;166,4517978;2,057361639
33;N;25;balsa;p10;1;0,148;214,4170439;2,612757767
33;N;25;balsa;p10;2;0,112;187,3213296;2,313302212
33;N;25;balsa;p10;3;0,12;198,2559928;2,226638586
33;N;25;balsa;p10;4;0,1;174,5963371;2,177225616
33;N;25;balsa;p10;5;0,104;175,5818863;2,036229928
33;N;25;balsa;p10;6;0,104;181,6876151;2,208899307
33;N;25;balsa;p10;7;0,124;193,0644402;2,186808771
33;N;25;balsa;p10;8;0,108;168,5417291;2,071858679
33;N;25;balsa;p10;9;0,108;177,8110269;1,986230554
33;N;25;balsa;p10;10;0,088;143,3705926;1,771289025
33;N;50;alu;0;1;0,116;234,0996683;3,106097775
33;N;50;alu;0;2;0,116;214,4650912;2,351208496
33;N;50;alu;0;3;0,132;240,0809762;2,64879329
33;N;50;alu;0;4;0,12;223,400794;3,033474881
33;N;50;alu;0;5;0,104;217,0652975;2,594459219
33;N;50;alu;0;6;0,136;248,636707;2,938379353
33;N;50;alu;0;7;0,128;268,1193672;3,670250149
33;N;50;alu;0;8;0,112;230,9757561;2,510996394
33;N;50;alu;0;9;0,116;216,4818828;2,340029082
33;N;50;alu;0;10;0,116;229,0214172;3,027765127
33;N;50;alu;m10;1;0,104;180,288201;2,58487176
33;N;50;alu;m10;2;0,104;182,4216063;2,703989091
33;N;50;alu;m10;3;0,08;181,7701379;2,675608401
33;N;50;alu;m10;4;0,128;234,8720732;2,6305567
33;N;50;alu;m10;5;0,104;192,5801985;2,219965766
33;N;50;alu;m10;6;0,172;236,7730345;2,608783318
33;N;50;alu;m10;7;0,1;172,3894151;2,197440006
33;N;50;alu;m10;8;0,092;177,9887516;2,596420463
33;N;50;alu;m10;9;0,108;165,1801788;2,208359487
33;N;50;alu;m10;10;0,128;179,5602001;1,929845628
33;N;50;alu;p10;1;0,092;197,038137;2,814946318
33;N;50;alu;p10;2;0,092;234,744341;3,256206794
33;N;50;alu;p10;3;0,104;250,5976362;3,263918443
33;N;50;alu;p10;4;0,1;216,6820772;3,103374957
33;N;50;alu;p10;5;0,108;225,4110888;2,872483638
33;N;50;alu;p10;6;0,108;219,892401;3,049442947
33;N;50;alu;p10;7;0,096;213,0535001;2,901832305
33;N;50;alu;p10;8;0,1;236,8740453;3,129412261
33;N;50;alu;p10;9;0,108;221,9166007;2,989802389
33;N;50;alu;p10;10;0,088;212,5934185;2,870139503
33;N;50;balsa;0;1;0,104;190,5059955;2,226559375
33;N;50;balsa;0;2;0,108;218,1289371;2,910468005
33;N;50;balsa;0;3;0,112;243,0676554;3,115305653
33;N;50;balsa;0;4;0,108;217,3100077;2,600310799
33;N;50;balsa;0;5;0,128;214,8060361;2,474113114
33;N;50;balsa;0;6;0,108;195,7230156;2,853193178
33;N;50;balsa;0;7;0,096;211,2209947;3,131677982
33;N;50;balsa;0;8;0,096;200,7214136;2,692157311
33;N;50;balsa;0;9;0,112;200,7124923;2,537735395
33;N;50;balsa;0;10;0,152;231,768907;2,459358389
33;N;50;balsa;m10;1;0,108;198,7299513;2,303549056
33;N;50;balsa;m10;2;0,076;165,0471167;2,333981395
33;N;50;balsa;m10;3;0,1;189,9166499;2,504486881
33;N;50;balsa;m10;4;0,068;155,7411397;2,573917855
33;N;50;balsa;m10;5;0,092;185,2722916;2,542210943
33;N;50;balsa;m10;6;0,1;221,5610269;3,240885182
33;N;50;balsa;m10;7;0,064;170,9689143;3,184786384
33;N;50;balsa;m10;8;0,076;164,2250531;2,894083115
33;N;50;balsa;m10;9;0,076;158,8097741;2,549792916
33;N;50;balsa;m10;10;0,088;177,5566147;2,759060024
33;N;50;balsa;p10;1;0,1;204,9168286;2,853309211
33;N;50;balsa;p10;2;0,132;231,4684787;2,51443515
33;N;50;balsa;p10;3;0,084;187,8883484;2,869336786
33;N;50;balsa;p10;4;0,1;217,3901948;3,171491819
33;N;50;balsa;p10;5;0,1;201,1321226;2,655035137
33;N;50;balsa;p10;6;0,08;190,1425257;2,959080128
33;N;50;balsa;p10;7;0,1;184,2058977;2,778010161
33;N;50;balsa;p10;8;0,116;232,698895;3,024812003
33;N;50;balsa;p10;9;0,104;208,4292831;2,745207867
33;N;50;balsa;p10;10;0,124;249,3352025;2,884825761
38;N;25;alu;0;1;0,204;253,8165706;2,246862288
38;N;25;alu;0;2;0,164;276,0655114;2,66825732
38;N;25;alu;0;3;0,224;283,6010611;2,252543417
38;N;25;alu;0;4;0,108;236,176191;2,533876186
38;N;25;alu;0;5;0,124;248,1829819;2,90019147
38;N;25;alu;0;6;0,116;171,5574389;2,150995772
38;N;25;alu;0;7;0,1;172,0770894;2,15979689
38;N;25;alu;0;8;0,144;207,9129412;2,733512541
38;N;25;alu;0;9;0,136;233,4511504;2,603847289
38;N;25;alu;0;10;0,144;227,2694304;2,253076101
38;N;25;alu;m10;1;0,092;163,8264013;2,228398102
38;N;25;alu;m10;2;0,144;207,3509125;1,813172997
38;N;25;alu;m10;3;0,136;182,9549004;1,720917143
38;N;25;alu;m10;4;0,212;169,4861062;1,725117529
38;N;25;alu;m10;5;0,124;183,8838623;2,145349451
38;N;25;alu;m10;6;0,132;187,275562;1,731312183
38;N;25;alu;m10;7;0,216;181,0414417;1,828199999
38;N;25;alu;m10;8;0,116;194,4110976;2,337057582
38;N;25;alu;m10;9;0,156;190,7715369;1,984503972
38;N;25;alu;m10;10;0,104;201,4673638;2,406033286
38;N;25;alu;p10;1;0,128;231,5012192;2,885469513
38;N;25;alu;p10;2;0,152;258,9150251;2,749478958
38;N;25;alu;p10;3;0,132;230,1238211;2,800533768
38;N;25;alu;p10;4;0,16;262,014634;2,935053853
38;N;25;alu;p10;5;0,148;246,8154222;2,792346261
38;N;25;alu;p10;6;0,208;232,1740863;2,659976506
38;N;25;alu;p10;7;0,168;262,9870135;2,84918693
38;N;25;alu;p10;8;0,16;267,8640815;3,099799576
38;N;25;alu;p10;9;0,144;237,0824366;2,7674821
38;N;25;alu;p10;10;0,16;254,3459167;2,877823408
38;N;25;balsa;0;1;0,152;199,3539719;2,308726357
38;N;25;balsa;0;2;0,14;242,175211;2,790840929
38;N;25;balsa;0;3;0,144;238,9861465;2,369553083
38;N;25;balsa;0;4;0,156;297,5396853;2,754654901
38;N;25;balsa;0;5;0,172;223,0286445;2,832061273
38;N;25;balsa;0;6;0,188;271,797367;2,519336156
38;N;25;balsa;0;7;0,192;259,7353401;2,35187123
38;N;25;balsa;0;8;0,152;234,8947649;2,708813597
38;N;25;balsa;0;9;0,22;241,611093;2,537181825
38;N;25;balsa;0;10;0,144;238,043964;2,803298979
38;N;25;balsa;m10;1;0,128;212,1950494;2,652804771
38;N;25;balsa;m10;2;0,12;209,6944832;2,373378345
38;N;25;balsa;m10;3;0,124;199,3667513;2,659934425
38;N;25;balsa;m10;4;0,112;181,8140832;2,200953639
38;N;25;balsa;m10;5;0,144;210,2347179;2,592941853
38;N;25;balsa;m10;6;0,16;202,8324128;2,164829183
38;N;25;balsa;m10;7;0,14;209,1351107;2,411743256
38;N;25;balsa;m10;8;0,152;231,3533799;2,348533378
38;N;25;balsa;m10;9;0,14;146,6596517;2,162808522
38;N;25;balsa;m10;10;0,128;158,2745853;2,018187696
38;N;25;balsa;p10;1;0,168;241,6102343;2,756541765
38;N;25;balsa;p10;2;0,124;256,4519265;3,079348966
38;N;25;balsa;p10;3;0,144;260,8144646;3,088646275
38;N;25;balsa;p10;4;0,172;208,4255187;2,544383152
38;N;25;balsa;p10;5;0,184;229,6862704;2,149089197
38;N;25;balsa;p10;6;0,144;250,604763;2,495930922
38;N;25;balsa;p10;7;0,184;220,4762627;2,220285703
38;N;25;balsa;p10;8;0,152;259,2912787;2,868674019
38;N;25;balsa;p10;9;0,156;256,0367423;3,127426646
38;N;25;balsa;p10;10;0,128;229,5632022;2,954299406
38;N;50;alu;0;1;0,152;363,6753907;3,262591718
38;N;50;alu;0;2;0,152;349,8856138;3,883287005
38;N;50;alu;0;3;0,188;314,1342311;2,649102797
38;N;50;alu;0;4;0,192;281,59643;2,396095449
38;N;50;alu;0;5;0,144;274,4262964;2,546287241
38;N;50;alu;0;6;0,112;226,1738255;3,18149764
38;N;50;alu;0;7;0,204;264,7049958;2,335386953
38;N;50;alu;0;8;0,136;303,8188242;2,422137779
38;N;50;alu;0;9;0,16;314,7072592;3,021744637
38;N;50;alu;0;10;0,176;318,403337;2,747409753
38;N;50;alu;m10;1;0,156;316,0613488;2,307890551
38;N;50;alu;m10;2;0,204;287,7762237;2,510479625
38;N;50;alu;m10;3;0,196;319,0337875;2,488398178
38;N;50;alu;m10;4;0,164;300,2291074;2,883879539
38;N;50;alu;m10;5;0,152;235,546933;2,639725996
38;N;50;alu;m10;6;0,192;284,46179;2,580324374
38;N;50;alu;m10;7;0,184;291,6842175;3,126650757
38;N;50;alu;m10;8;0,192;272,9932868;2,181337414
38;N;50;alu;m10;9;0,268;275,4531484;2,242138098
38;N;50;alu;m10;10;0,2;261,9579382;2,249192319
38;N;50;alu;p10;1;0,168;294,1042057;2,995742899
38;N;50;alu;p10;2;0,132;330,0815177;2,95351755
38;N;50;alu;p10;3;0,16;320,3645598;3,815918936
38;N;50;alu;p10;4;0,164;323,9475477;3,52871768
38;N;50;alu;p10;5;0,152;319,1975217;2,671029759
38;N;50;alu;p10;6;0,132;298,5212438;3,512056119
38;N;50;alu;p10;7;0,156;294,2157276;3,416536769
38;N;50;alu;p10;8;0,148;266,3560854;3,03728683
38;N;50;alu;p10;9;0,124;239,4282962;2,857245515
38;N;50;alu;p10;10;0,156;293,5560688;3,275564543
38;N;50;balsa;0;1;0,172;359,4427814;3,643014746
38;N;50;balsa;0;2;0,164;352,330888;3,65646685
38;N;50;balsa;0;3;0,136;369,0831218;3,732642759
38;N;50;balsa;0;4;0,148;397,4655127;3,772883514
38;N;50;balsa;0;5;0,168;383,2982425;3,611869582
38;N;50;balsa;0;6;0,168;389,6689915;3,539094448
38;N;50;balsa;0;7;0,164;359,5005319;3,56218767
38;N;50;balsa;0;8;0,144;365,16686;4,109668897
38;N;50;balsa;0;9;0,12;326,2851197;4,121654187
38;N;50;balsa;0;10;0,132;334,3433092;3,554834501
38;N;50;balsa;m10;1;0,16;296,6756137;3,060985767
38;N;50;balsa;m10;2;0,18;300,5381933;3,136925926
38;N;50;balsa;m10;3;0,2;293,3464256;2,692531613
38;N;50;balsa;m10;4;0,16;247,25626;2,575319202
38;N;50;balsa;m10;5;0,152;295,3495428;3,003708963
38;N;50;balsa;m10;6;0,152;275,2524096;2,892745681
38;N;50;balsa;m10;7;0,156;298,5899988;3,277121375
38;N;50;balsa;m10;8;0,148;282,0038263;2,636339481
38;N;50;balsa;m10;9;0,16;304,7420818;3,25422371
38;N;50;balsa;m10;10;0,124;263,6571093;2,647066561
38;N;50;balsa;p10;1;0,148;361,4837887;3,751971815
38;N;50;balsa;p10;2;0,148;362,0440255;4,004601756
38;N;50;balsa;p10;3;0,136;360,2277117;3,752150569
38;N;50;balsa;p10;4;0,152;381,2318126;4,41947805
38;N;50;balsa;p10;5;0,16;361,8671756;3,109742153
38;N;50;balsa;p10;6;0,168;368,1776087;4,04745468
38;N;50;balsa;p10;7;0,192;399,3006843;4,114904466
38;N;50;balsa;p10;8;0,148;397,1747543;3,166940464
38;N;50;balsa;p10;9;0,144;403,4259565;4,140915214
38;N;50;balsa;p10;10;0,18;407,7615725;3,683115278
42;N;25;alu;0;1;0,092;167,1866561;1,924792931
42;N;25;alu;0;2;0,104;163,0022463;1,834002945
42;N;25;alu;0;3;0,116;171,2445005;2,394609217
42;N;25;alu;0;4;0,1;138,5079897;1,595561773
42;N;25;alu;0;5;0,096;122,3909657;1,681416291
42;N;25;alu;0;6;0,096;142,4956876;2,191679904
42;N;25;alu;0;7;0,084;122,9196048;1,449682512
42;N;25;alu;0;8;0,084;133,0149402;1,94310007
42;N;25;alu;0;9;0,084;144,8416511;2,03683529
42;N;25;alu;0;10;0,084;125,5418903;1,838349736
42;N;25;alu;m10;1;0,16;137,5813602;1,915990957
42;N;25;alu;m10;2;0,068;97,94227239;1,115129502
42;N;25;alu;m10;3;0,076;97,8208326;1,175251273
42;N;25;alu;m10;4;0,064;91,40960223;1,092262932
42;N;25;alu;m10;5;0,076;98,91783129;1,069130389
42;N;25;alu;m10;6;0,096;118,2074956;1,258471543
42;N;25;alu;m10;7;0,104;113,4307443;0,912357641
42;N;25;alu;m10;8;0,08;116,9471732;1,277870421
42;N;25;alu;m10;9;0,076;108,6996364;1,282490243
42;N;25;alu;m10;10;0,08;112,6219581;1,330237047
42;N;25;alu;p10;1;0,104;156,913154;1,681108674
42;N;25;alu;p10;2;0,096;150,7292618;2,257438767
42;N;25;alu;p10;3;0,1;164,4941299;2,08884428
42;N;25;alu;p10;4;0,096;161,4054239;1,972533123
42;N;25;alu;p10;5;0,104;164,0141143;2,31437195
42;N;25;alu;p10;6;0,092;146,6259341;2,046358128
42;N;25;alu;p10;7;0,072;137,2696406;1,959788065
42;N;25;alu;p10;8;0,072;134,1934689;1,708429874
42;N;25;alu;p10;9;0,084;134,2563649;1,948084706
42;N;25;alu;p10;10;0,08;141,6153222;1,932572278
42;N;25;balsa;0;1;0,072;108,9992456;1,121857089
42;N;25;balsa;0;2;0,1;147,3900862;1,504693309
42;N;25;balsa;0;3;0,088;155,1379214;1,970444329
42;N;25;balsa;0;4;0,096;166,4017671;2,102389193
42;N;25;balsa;0;5;0,08;153,6305994;1,92078482
42;N;25;balsa;0;6;0,104;179,918517;1,913658463
42;N;25;balsa;0;7;0,104;172,9234443;2,20148886
42;N;25;balsa;0;8;0,104;166,4398533;1,829925142
42;N;25;balsa;0;9;0,1;170,8516941;2,090982428
42;N;25;balsa;0;10;0,088;157,2436592;2,042547662
42;N;25;balsa;m10;1;0,096;169,6935368;1,917809916
42;N;25;balsa;m10;2;0,16;191,9157652;1,988406574
42;N;25;balsa;m10;3;0,14;177,2975397;1,700769693
42;N;25;balsa;m10;4;0,1;175,6288607;1,661633028
42;N;25;balsa;m10;5;0,096;168,0742345;2,133841331
42;N;25;balsa;m10;6;0,092;146,545192;1,662123403
42;N;25;balsa;m10;7;0,112;161,9939607;2,0027622
42;N;25;balsa;m10;8;0,104;143,1077074;1,587660078
42;N;25;balsa;m10;9;0,092;143,8798873;1,927484388
42;N;25;balsa;m10;10;0,096;129,3395062;1,570820392
42;N;25;balsa;p10;1;0,08;179,1806057;1,944652155
42;N;25;balsa;p10;2;0,1;186,2846051;2,272551779
42;N;25;balsa;p10;3;0,108;176,8721542;2,284543461
42;N;25;balsa;p10;4;0,108;173,5518812;2,319182777
42;N;25;balsa;p10;5;0,108;184,6876026;2,205896292
42;N;25;balsa;p10;6;0,112;176,3336397;2,412702861
42;N;25;balsa;p10;7;0,092;166,229296;2,16983034
42;N;25;balsa;p10;8;0,136;175,8641875;1,965344286
42;N;25;balsa;p10;9;0,164;181,1167335;2,322816625
42;N;25;balsa;p10;10;0,14;171,9326029;2,001749063
42;N;50;alu;0;1;0,144;211,0250183;2,200346439
42;N;50;alu;0;2;0,104;191,9236533;2,298278576
42;N;50;alu;0;3;0,084;199,7597617;2,818971923
42;N;50;alu;0;4;0,088;204,8758911;2,761853855
42;N;50;alu;0;5;0,08;177,0491733;2,451214363
42;N;50;alu;0;6;0,076;162,9779736;2,351118638
42;N;50;alu;0;7;0,068;159,9989066;2,619446676
42;N;50;alu;0;8;0,072;146,9816785;2,218167021
42;N;50;alu;0;9;0,072;170,6530132;2,540024544
42;N;50;alu;0;10;0,068;163,4016133;2,704285542
42;N;50;alu;m10;1;0,08;178,1878696;2,599144162
42;N;50;alu;m10;2;0,076;135,482312;1,683353129
42;N;50;alu;m10;3;0,092;152,4272789;2,053685095
42;N;50;alu;m10;4;0,068;127,3804189;1,749518481
42;N;50;alu;m10;5;0,044;89,65467179;1,237181103
42;N;50;alu;m10;6;0,064;121,5467773;1,76968506
42;N;50;alu;m10;7;0,068;111,327652;1,620114954
42;N;50;alu;m10;8;0,068;112,0668503;1,577494093
42;N;50;alu;m10;9;0,064;131,1967972;1,725093125
42;N;50;alu;m10;10;0,052;121,0023174;2,098256794
42;N;50;alu;p10;1;0,112;167,5443628;2,608435606
42;N;50;alu;p10;2;0,072;152,5859465;2,804941359
42;N;50;alu;p10;3;0,056;141,5528621;2,750649453
42;N;50;alu;p10;4;0,056;133,922089;2,21031884
42;N;50;alu;p10;5;0,056;145,8526321;2,876226731
42;N;50;alu;p10;6;0,06;135,9034694;2,304805317
42;N;50;alu;p10;7;0,072;151,1893097;2,378297143
42;N;50;alu;p10;8;0,08;167,8086878;2,614517108
42;N;50;alu;p10;9;0,076;179,4568134;3,029081621
42;N;50;alu;p10;10;0,104;223,0327452;3,326087172
42;N;50;balsa;0;1;0,092;200,7022115;2,776935074
42;N;50;balsa;0;2;0,072;170,1868972;2,251246411
42;N;50;balsa;0;3;0,084;208,5757581;2,8779645
42;N;50;balsa;0;4;0,08;186,1926291;2,533433947
42;N;50;balsa;0;5;0,084;187,6319476;2,851086747
42;N;50;balsa;0;6;0,1;222,5829309;2,825585415
42;N;50;balsa;0;7;0,092;200,3553931;2,61164509
42;N;50;balsa;0;8;0,088;194,2354608;2,610558638
42;N;50;balsa;0;9;0,096;226,1096082;3,018452032
42;N;50;balsa;0;10;0,088;193,8498943;2,594160236
42;N;50;balsa;m10;1;0,084;165,196739;2,315277322
42;N;50;balsa;m10;2;0,08;154,7882074;2,626704387
42;N;50;balsa;m10;3;0,096;176,6577964;2,74952561
42;N;50;balsa;m10;4;0,088;175,4831238;2,539367534
42;N;50;balsa;m10;5;0,104;186,5695973;2,282709752
42;N;50;balsa;m10;6;0,076;154,2717155;2,781363102
42;N;50;balsa;m10;7;0,104;163,402983;2,726090896
42;N;50;balsa;m10;8;0,084;150,6186968;2,221992313
42;N;50;balsa;m10;9;0,068;131,2212755;2,443470838
42;N;50;balsa;m10;10;0,08;155,4396679;2,417458415
42;N;50;balsa;p10;1;0,1;190,9237241;2,700291395
42;N;50;balsa;p10;2;0,088;196,4844337;3,278770063
42;N;50;balsa;p10;3;0,096;210,4936035;2,974226738
42;N;50;balsa;p10;4;0,088;209,4190918;3,474505375
42;N;50;balsa;p10;5;0,088;206,0059722;2,922383795
42;N;50;balsa;p10;6;0,08;193,3328461;2,85914252
42;N;50;balsa;p10;7;0,096;236,9602203;3,189646843
42;N;50;balsa;p10;8;0,1;253,8566839;3,326263448
42;N;50;balsa;p10;9;0,108;248,8343489;3,446527929
42;N;50;balsa;p10;10;0,088;202,6537882;3,454654403
45;N;25;alu;0;1;0,08;116,2999963;1,757204545
45;N;25;alu;0;2;0,096;125,514341;1,691343258
45;N;25;alu;0;3;0,148;139,182563;1,631473026
45;N;25;alu;0;4;0,136;153,1321414;1,769878387
45;N;25;alu;0;5;0,16;146,5735941;1,807712103
45;N;25;alu;0;6;0,172;142,8039689;1,322573046
45;N;25;alu;0;7;0,14;125,9066859;1,726189079
45;N;25;alu;0;8;0,168;110,8302335;0,744864105
45;N;25;alu;0;9;0,116;132,5074531;1,72778328
45;N;25;alu;0;10;0,088;107,5978568;1,348742128
45;N;25;alu;m10;1;0,14;136,5072987;1,437972265
45;N;25;alu;m10;2;0,12;115,2226971;1,639070873
45;N;25;alu;m10;3;0,168;145,5287948;1,182954802
45;N;25;alu;m10;4;0,172;142,1205881;1,480523168
45;N;25;alu;m10;5;0,136;132,5172034;2,289595737
45;N;25;alu;m10;6;0,144;131,2116639;1,176882136
45;N;25;alu;m10;7;0,12;121,3525952;1,194730809
45;N;25;alu;m10;8;0,148;130,1672434;1,307092971
45;N;25;alu;m10;9;0,128;125,2021963;1,640535614
45;N;25;alu;m10;10;0,12;118,3971732;1,548066738
45;N;25;alu;p10;1;0,132;133,7276805;1,435753414
45;N;25;alu;p10;2;0,108;143,4519278;1,656972654
45;N;25;alu;p10;3;0,1;132,2434869;1,704694818
45;N;25;alu;p10;4;0,12;131,8218165;1,342122276
45;N;25;alu;p10;5;0,128;131,0280612;1,62518384
45;N;25;alu;p10;6;0,136;148,3676585;1,842613548
45;N;25;alu;p10;7;0,16;162,5308412;1,428678638
45;N;25;alu;p10;8;0,108;148,2173755;1,895890517
45;N;25;alu;p10;9;0,144;154,0734251;1,881755995
45;N;25;alu;p10;10;0,132;136,8904745;1,810734189
45;N;25;balsa;0;1;0,172;177,5905534;1,579046172
45;N;25;balsa;0;2;0,14;171,1578094;2,156216793
45;N;25;balsa;0;3;0,224;179,6319492;1,928550804
45;N;25;balsa;0;4;0,136;164,60236;1,766206687
45;N;25;balsa;0;5;0,112;166,9663263;2,127557117
45;N;25;balsa;0;6;0,12;159,5755115;1,806860412
45;N;25;balsa;0;7;0,156;155,3800759;1,698852724
45;N;25;balsa;0;8;0,16;186,8734079;2,273463987
45;N;25;balsa;0;9;0,14;199,1144562;2,485017694
45;N;25;balsa;0;10;0,14;149,9737013;1,794553535
45;N;25;balsa;m10;1;0,092;136,9519589;1,901307958
45;N;25;balsa;m10;2;0,092;114,3280771;1,522182996
45;N;25;balsa;m10;3;0,112;120,7466325;1,542598084
45;N;25;balsa;m10;4;0,12;120,4862054;1,828103133
45;N;25;balsa;m10;5;0,112;123,741431;1,899058991
45;N;25;balsa;m10;6;0,112;132,0148552;1,857688914
45;N;25;balsa;m10;7;0,156;154,4262358;1,864174596
45;N;25;balsa;m10;8;0,144;142,5376235;1,456875191
45;N;25;balsa;m10;9;0,148;143,8694675;1,59991966
45;N;25;balsa;m10;10;0,14;127,8680942;1,418267495
45;N;25;balsa;p10;1;0,128;154,4984725;2,072781824
45;N;25;balsa;p10;2;0,1;153,2686141;2,084819447
45;N;25;balsa;p10;3;0,124;165,4921374;2,208807702
45;N;25;balsa;p10;4;0,116;144,7095302;1,800022456
45;N;25;balsa;p10;5;0,104;119,3843467;1,506058828
45;N;25;balsa;p10;6;0,128;168,4265413;2,386713525
45;N;25;balsa;p10;7;0,104;149,6941627;2,148920805
45;N;25;balsa;p10;8;0,192;176,1265456;1,979891758
45;N;25;balsa;p10;9;0,14;168,1065552;1,909503113
45;N;25;balsa;p10;10;0,148;155,3190507;1,59331269
45;N;50;alu;0;1;0,14;165,4702489;2,161273445
45;N;50;alu;0;2;0,204;161,7057591;2,003871588
45;N;50;alu;0;3;0,16;188,201852;2,345931988
45;N;50;alu;0;4;0,144;169,107267;2,104749469
45;N;50;alu;0;5;0,176;166,3093318;1,947807733
45;N;50;alu;0;6;0,136;174,7184235;2,253211246
45;N;50;alu;0;7;0,108;143,0945085;2,303313401
45;N;50;alu;0;8;0,1;158,0939391;2,00003465
45;N;50;alu;0;9;0,1;162,6641173;2,542667912
45;N;50;alu;0;10;0,116;174,1134359;2,25616379
45;N;50;alu;m10;1;0,14;168,5753059;1,796808903
45;N;50;alu;m10;2;0,084;134,8466325;2,036110874
45;N;50;alu;m10;3;0,1;135,0947336;1,688432448
45;N;50;alu;m10;4;0,1;131,2790095;1,639130847
45;N;50;alu;m10;5;0,096;127,2966971;2,116183582
45;N;50;alu;m10;6;0,072;124,8684874;2,486792526
45;N;50;alu;m10;7;0,132;143,6399453;1,577067711
45;N;50;alu;m10;8;0,108;122,1539299;1,525019144
45;N;50;alu;m10;9;0,108;135,824004;1,639310689
45;N;50;alu;m10;10;0,124;143,8674112;2,21229225
45;N;50;alu;p10;1;0,1;164,2385279;2,147112036
45;N;50;alu;p10;2;0,092;145,1262238;1,992838991
45;N;50;alu;p10;3;0,1;156,353299;2,271474346
45;N;50;alu;p10;4;0,148;165,111963;1,832508664
45;N;50;alu;p10;5;0,14;179,703957;2,271459875
45;N;50;alu;p10;6;0,116;181,5372152;2,612619988
45;N;50;alu;p10;7;0,092;159,8920876;2,821573704
45;N;50;alu;p10;8;0,124;155,4138036;2,108110767
45;N;50;alu;p10;9;0,204;168,3732895;2,182320133
45;N;50;alu;p10;10;0,128;161,8912345;2,155972724
45;N;50;balsa;0;1;0,108;159,8304442;2,511277441
45;N;50;balsa;0;2;0,164;195,9935402;2,860844717
45;N;50;balsa;0;3;0,168;191,5061178;2,680686187
45;N;50;balsa;0;4;0,208;195,7982156;2,219377679
45;N;50;balsa;0;5;0,112;164,0456847;2,03622417
45;N;50;balsa;0;6;0,18;214,2592323;2,524409807
45;N;50;balsa;0;7;0,152;199,2019659;2,242967644
45;N;50;balsa;0;8;0,184;224,5309445;2,642697004
45;N;50;balsa;0;9;0,156;231,6516619;2,683271232
45;N;50;balsa;0;10;0,184;216,6200089;2,32342498
45;N;50;balsa;m10;1;0,148;195,2113317;2,456616639
45;N;50;balsa;m10;2;0,156;179,5456175;2,007971167
45;N;50;balsa;m10;3;0,156;180,8761976;2,88062935
45;N;50;balsa;m10;4;0,156;176,9326104;2,007991845
45;N;50;balsa;m10;5;0,1;150,4531672;1,878635267
45;N;50;balsa;m10;6;0,172;159,0223557;2,163819485
45;N;50;balsa;m10;7;0,12;161,7162517;2,56234602
45;N;50;balsa;m10;8;0,116;158,3597266;2,400121095
45;N;50;balsa;m10;9;0,144;173,4082093;2,144223851
45;N;50;balsa;m10;10;0,176;171,5147151;1,896528849
45;N;50;balsa;p10;1;0,14;214,0352638;2,894153592
45;N;50;balsa;p10;2;0,144;186,1460071;2,538424228
45;N;50;balsa;p10;3;0,108;187,0343212;2,365649303
45;N;50;balsa;p10;4;0,156;172,442503;2,462781592
45;N;50;balsa;p10;5;0,228;214,8795806;2,339808406
45;N;50;balsa;p10;6;0,16;202,9349535;2,343075695
45;N;50;balsa;p10;7;0,148;202,554333;2,956882495
45;N;50;balsa;p10;8;0,168;200,9274331;2,403685077
45;N;50;balsa;p10;9;0,14;218,2073157;2,512537975
45;N;50;balsa;p10;10;0,204;228,4311569;2,620569466
46;N;25;alu;0;1;0,112;140,0622524;1,592319397
46;N;25;alu;0;2;0,112;156,5845638;1,825725846
46;N;25;alu;0;3;0,12;141,9168241;1,528268368
46;N;25;alu;0;4;0,108;162,5227272;1,855756456
46;N;25;alu;0;5;0,124;185,7924946;1,92478483
46;N;25;alu;0;6;0,132;171,1522276;1,510039585
46;N;25;alu;0;7;0,108;187,0357913;1,992899201
46;N;25;alu;0;8;0,124;179,6691322;1,913007524
46;N;25;alu;0;9;0,116;166,8752589;2,015373633
46;N;25;alu;0;10;0,116;181,8245782;1,88481649
46;N;25;alu;m10;1;0,112;134,9256416;1,570508381
46;N;25;alu;m10;2;0,108;138,2301429;1,61222711
46;N;25;alu;m10;3;0,12;149,4215348;1,544671502
46;N;25;alu;m10;4;0,128;162,4701606;1,392053122
46;N;25;alu;m10;5;0,124;168,8953516;1,376990349
46;N;25;alu;m10;6;0,12;170,8696549;1,813413027
46;N;25;alu;m10;7;0,132;155,6379089;1,616131301
46;N;25;alu;m10;8;0,128;148,1441779;1,804892431
46;N;25;alu;m10;9;0,14;175,5284101;1,478395794
46;N;25;alu;m10;10;0,132;178,4249638;1,865322268
46;N;25;alu;p10;1;0,108;157,7872621;2,186457039
46;N;25;alu;p10;2;0,116;207,486397;2,108156454
46;N;25;alu;p10;3;0,096;187,9569109;2,726480448
46;N;25;alu;p10;4;0,108;199,7139549;1,80034239
46;N;25;alu;p10;5;0,108;214,2928657;2,524214048
46;N;25;alu;p10;6;0,116;213,3822582;2,475646094
46;N;25;alu;p10;7;0,124;211,913375;2,343173996
46;N;25;alu;p10;8;0,112;203,0480078;2,552714946
46;N;25;alu;p10;9;0,136;218,307684;2,186600768
46;N;25;alu;p10;10;0,144;244,371421;2,434838215
46;N;25;balsa;0;1;0,176;202,2084174;2,258856296
46;N;25;balsa;0;2;0,108;224,7948604;2,617828167
46;N;25;balsa;0;3;0,12;225,2209147;2,113631387
46;N;25;balsa;0;4;0,128;242,3162196;2,041680047
46;N;25;balsa;0;5;0,116;223,2816615;2,068853744
46;N;25;balsa;0;6;0,116;207,9429661;2,077111634
46;N;25;balsa;0;7;0,132;217,1973674;1,969508066
46;N;25;balsa;0;8;0,112;196,3257677;2,174030792
46;N;25;balsa;0;9;0,112;197,7001327;1,901119559
46;N;25;balsa;0;10;0,12;248,8561253;2,46552617
46;N;25;balsa;m10;1;0,116;172,8615245;2,147071084
46;N;25;balsa;m10;2;0,136;159,3520591;1,911931915
46;N;25;balsa;m10;3;0,12;173,8910973;1,873544823
46;N;25;balsa;m10;4;0,128;185,9453923;1,574777781
46;N;25;balsa;m10;5;0,12;180,5943972;1,353077695
46;N;25;balsa;m10;6;0,128;197,9553206;1,815671432
46;N;25;balsa;m10;7;0,128;198,4033368;1,801002605
46;N;25;balsa;m10;8;0,124;185,9608919;1,723503299
46;N;25;balsa;m10;9;0,124;189,5082688;2,029222469
46;N;25;balsa;m10;10;0,116;202,0800864;1,969245858
46;N;25;balsa;p10;1;0,108;190,6077351;2,325975779
46;N;25;balsa;p10;2;0,1;208,8505548;2,504618017
46;N;25;balsa;p10;3;0,096;214,1302451;2,501210828
46;N;25;balsa;p10;4;0,096;185,6566468;2,463451949
46;N;25;balsa;p10;5;0,1;158,1688503;1,712316764
46;N;25;balsa;p10;6;0,128;220,8202413;1,840843362
46;N;25;balsa;p10;7;0,108;207,0778343;2,488049414
46;N;25;balsa;p10;8;0,1;205,1223788;2,306341688
46;N;25;balsa;p10;9;0,108;213,3365823;2,357332632
46;N;25;balsa;p10;10;0,128;219,5885321;2,424589423
46;N;50;alu;0;1;0,124;230,3058033;2,94595224
46;N;50;alu;0;2;0,104;219,4886617;3,039980704
46;N;50;alu;0;3;0,128;234,6128529;2,871566699
46;N;50;alu;0;4;0,136;233,0131228;2,806509383
46;N;50;alu;0;5;0,14;259,5793227;3,026859941
46;N;50;alu;0;6;0,12;257,1456057;3,226691931
46;N;50;alu;0;7;0,124;254,5190263;3,196601362
46;N;50;alu;0;8;0,12;253,6582612;3,784864967
46;N;50;alu;0;9;0,116;228,732536;2,925517034
46;N;50;alu;0;10;0,132;243,1531606;2,822120933
46;N;50;alu;m10;1;0,136;230,2682065;2,922040522
46;N;50;alu;m10;2;0,112;216,9357009;2,770980644
46;N;50;alu;m10;3;0,128;220,6395178;2,59892017
46;N;50;alu;m10;4;0,12;203,70777;2,348536792
46;N;50;alu;m10;5;0,14;208,4739049;2,142172721
46;N;50;alu;m10;6;0,144;221,9319509;2,543983255
46;N;50;alu;m10;7;0,128;209,717028;2,593750645
46;N;50;alu;m10;8;0,184;197,0839442;2,403293577
46;N;50;alu;m10;9;0,144;223,4673663;2,32922996
46;N;50;alu;m10;10;0,148;242,3275668;2,465969916
46;N;50;alu;p10;1;0,124;227,1977904;2,925938253
46;N;50;alu;p10;2;0,148;270,5850697;3,021743829
46;N;50;alu;p10;3;0,14;295,4985954;3,41546601
46;N;50;alu;p10;4;0,12;299,503676;4,035066222
46;N;50;alu;p10;5;0,144;301,2128296;3,468212845
46;N;50;alu;p10;6;0,144;289,2103966;3,338000445
46;N;50;alu;p10;7;0,148;284,8570074;3,286965438
46;N;50;alu;p10;8;0,136;273,2966069;3,450642391
46;N;50;alu;p10;9;0,144;304,5231247;3,410856956
46;N;50;alu;p10;10;0,132;283,6148248;3,126235393
46;N;50;balsa;0;1;0,148;288,4064411;2,540782424
46;N;50;balsa;0;2;0,144;309,1159217;3,443993325
46;N;50;balsa;0;3;0,144;299,17631;3,302838725
46;N;50;balsa;0;4;0,128;302,4171291;3,277085684
46;N;50;balsa;0;5;0,132;257,5302654;2,79811635
46;N;50;balsa;0;6;0,136;249,9861792;2,894010585
46;N;50;balsa;0;7;0,204;252,6539764;2,565478675
46;N;50;balsa;0;8;0,124;263,4609823;2,963270462
46;N;50;balsa;0;9;0,128;260,4663895;3,070536152
46;N;50;balsa;0;10;0,132;252,0056881;2,845029712
46;N;50;balsa;m10;1;0,148;233,7330354;2,542328119
46;N;50;balsa;m10;2;0,104;192,95283;2,725255016
46;N;50;balsa;m10;3;0,124;206,9163444;2,838650755
46;N;50;balsa;m10;4;0,136;235,6303184;2,867567158
46;N;50;balsa;m10;5;0,136;229,8729688;2,707244653
46;N;50;balsa;m10;6;0,144;217,2146941;2,702074546
46;N;50;balsa;m10;7;0,132;225,6222423;2,430899186
46;N;50;balsa;m10;8;0,14;258,75711;2,961189787
46;N;50;balsa;m10;9;0,148;241,013358;2,768449697
46;N;50;balsa;m10;10;0,14;248,9127259;2,70961038
46;N;50;balsa;p10;1;0,12;269,6175399;4,153658061
46;N;50;balsa;p10;2;0,12;276,0830624;3,337637684
46;N;50;balsa;p10;3;0,108;283,0643749;3,697896408
46;N;50;balsa;p10;4;0,104;304,0351721;4,269395551
46;N;50;balsa;p10;5;0,12;281,2041046;3,572725609
46;N;50;balsa;p10;6;0,132;317,6448835;3,876483565
46;N;50;balsa;p10;7;0,128;298,6124998;4,112674264
46;N;50;balsa;p10;8;0,104;316,5638487;4,001041691
46;N;50;balsa;p10;9;0,1;299,3035396;4,588934648
46;N;50;balsa;p10;10;0,128;262,6870544;3,628624333
